STATION,STATION_NAME,DATE,TAVG,TMAX,TMIN
GHCND:AYM00089734,DOME FUJI AY,19970101,-32,-9999,-9999
GHCND:AYM00089734,DOME FUJI AY,19970102,-34,-9999,-9999
GHCND:AYM00089734,DOME FUJI AY,19970103,-26,-9999,-9999
GHCND:AYM00089734,DOME FUJI AY,19970104,-32,-9999,-9999
GHCND:AYM00089734,DOME FUJI AY,19970105,-32,-9999,-9999
GHCND:AYM00089734,DOME FUJI AY,19970106,-30,-9999,-9999
GHCND:AYM00089734,DOME FUJI AY,19970107,-31,-9999,-9999
GHCND:AYM00089734,DOME FUJI AY,19970108,-33,-9999,-9999
GHCND:AYM00089734,DOME FUJI AY,19970109,-35,-9999,-9999
GHCND:AYM00089734,DOME FUJI AY,19970110,-32,-9999,-9999
GHCND:AYM00089734,DOME FUJI AY,19970111,-32,-9999,-9999
GHCND:AYM00089734,DOME FUJI AY,19970112,-35,-9999,-9999
GHCND:AYM00089734,DOME FUJI AY,19970113,-25,-9999,-9999
GHCND:AYM00089734,DOME FUJI AY,19970114,-31,-9999,-9999
GHCND:AYM00089734,DOME FUJI AY,19970115,-35,-9999,-9999
GHCND:AYM00089734,DOME FUJI AY,19970117,-40,-9999,-9999
GHCND:AYM00089734,DOME FUJI AY,19970118,-41,-9999,-9999
GHCND:AYM00089734,DOME FUJI AY,19970119,-41,-9999,-9999
GHCND:AYM00089734,DOME FUJI AY,19970120,-36,-9999,-9999
GHCND:AYM00089734,DOME FUJI AY,19970121,-29,-9999,-9999
GHCND:AYM00089734,DOME FUJI AY,19970122,-33,-9999,-9999
GHCND:AYM00089734,DOME FUJI AY,19970123,-33,-9999,-9999
GHCND:AYM00089734,DOME FUJI AY,19970124,-30,-9999,-9999
GHCND:AYM00089734,DOME FUJI AY,19970125,-28,-9999,-9999
GHCND:AYM00089734,DOME FUJI AY,19970126,-34,-9999,-9999
GHCND:AYM00089734,DOME FUJI AY,19970127,-39,-9999,-9999
GHCND:AYM00089734,DOME FUJI AY,19970128,-40,-9999,-9999
GHCND:AYM00089734,DOME FUJI AY,19970129,-41,-9999,-9999
GHCND:AYM00089734,DOME FUJI AY,19970130,-42,-9999,-9999
GHCND:AYM00089734,DOME FUJI AY,19970131,-45,-9999,-9999
GHCND:AYM00089734,DOME FUJI AY,19970201,-50,-9999,-9999
GHCND:AYM00089734,DOME FUJI AY,19970202,-46,-9999,-9999
GHCND:AYM00089734,DOME FUJI AY,19970203,-39,-9999,-9999
GHCND:AYM00089734,DOME FUJI AY,19970205,-34,-9999,-9999
GHCND:AYM00089734,DOME FUJI AY,19970206,-37,-9999,-9999
GHCND:AYM00089734,DOME FUJI AY,19970207,-46,-9999,-9999
GHCND:AYM00089734,DOME FUJI AY,19970208,-46,-9999,-9999
GHCND:AYM00089734,DOME FUJI AY,19970209,-44,-9999,-9999
GHCND:AYM00089734,DOME FUJI AY,19970210,-51,-9999,-9999
GHCND:AYM00089734,DOME FUJI AY,19970211,-52,-9999,-9999
GHCND:AYM00089734,DOME FUJI AY,19970212,-48,-9999,-9999
GHCND:AYM00089734,DOME FUJI AY,19970213,-54,-9999,-9999
GHCND:AYM00089734,DOME FUJI AY,19970214,-56,-9999,-9999
GHCND:AYM00089734,DOME FUJI AY,19970215,-53,-9999,-9999
GHCND:AYM00089734,DOME FUJI AY,19970219,-56,-9999,-9999
GHCND:AYM00089734,DOME FUJI AY,19970223,-71,-9999,-9999
GHCND:AYM00089734,DOME FUJI AY,19970224,-70,-9999,-9999
GHCND:AYM00089734,DOME FUJI AY,19970225,-69,-9999,-9999
GHCND:AYM00089734,DOME FUJI AY,19970302,-68,-9999,-9999
GHCND:AYM00089734,DOME FUJI AY,19970303,-67,-9999,-9999
GHCND:AYM00089734,DOME FUJI AY,19970304,-66,-9999,-9999
GHCND:AYM00089734,DOME FUJI AY,19970305,-67,-9999,-9999
GHCND:AYM00089734,DOME FUJI AY,19970306,-70,-9999,-9999
GHCND:AYM00089734,DOME FUJI AY,19970307,-69,-9999,-9999
GHCND:AYM00089734,DOME FUJI AY,19970308,-68,-9999,-9999
GHCND:AYM00089734,DOME FUJI AY,19970309,-70,-9999,-9999
GHCND:AYM00089734,DOME FUJI AY,19970310,-65,-9999,-9999
GHCND:AYM00089734,DOME FUJI AY,19970311,-62,-9999,-9999
GHCND:AYM00089734,DOME FUJI AY,19970312,-70,-9999,-9999
GHCND:AYM00089734,DOME FUJI AY,19970313,-69,-9999,-9999
GHCND:AYM00089734,DOME FUJI AY,19970314,-67,-9999,-9999
GHCND:AYM00089734,DOME FUJI AY,19970315,-60,-9999,-9999
GHCND:AYM00089734,DOME FUJI AY,19970316,-69,-9999,-9999
GHCND:AYM00089734,DOME FUJI AY,19970317,-76,-9999,-9999
GHCND:AYM00089734,DOME FUJI AY,19970318,-75,-9999,-9999
GHCND:AYM00089734,DOME FUJI AY,19970319,-74,-9999,-9999
GHCND:AYM00089734,DOME FUJI AY,19970320,-68,-9999,-9999
GHCND:AYM00089734,DOME FUJI AY,19970321,-65,-9999,-9999
GHCND:AYM00089734,DOME FUJI AY,19970322,-70,-9999,-9999
GHCND:AYM00089734,DOME FUJI AY,19970323,-77,-9999,-9999
GHCND:AYM00089734,DOME FUJI AY,19970324,-73,-9999,-9999
GHCND:AYM00089734,DOME FUJI AY,19970325,-76,-9999,-9999
GHCND:AYM00089734,DOME FUJI AY,19970326,-81,-9999,-9999
GHCND:AYM00089734,DOME FUJI AY,19970327,-78,-9999,-9999
GHCND:AYM00089734,DOME FUJI AY,19970328,-81,-9999,-9999
GHCND:AYM00089734,DOME FUJI AY,19970329,-84,-9999,-9999
GHCND:AYM00089734,DOME FUJI AY,19970330,-81,-9999,-9999
GHCND:AYM00089734,DOME FUJI AY,19970331,-74,-9999,-9999
GHCND:AYM00089734,DOME FUJI AY,19970401,-73,-9999,-9999
GHCND:AYM00089734,DOME FUJI AY,19970402,-75,-9999,-9999
GHCND:AYM00089734,DOME FUJI AY,19970403,-76,-9999,-9999
GHCND:AYM00089734,DOME FUJI AY,19970404,-75,-9999,-9999
GHCND:AYM00089734,DOME FUJI AY,19970405,-80,-9999,-9999
GHCND:AYM00089734,DOME FUJI AY,19970406,-85,-9999,-9999
GHCND:AYM00089734,DOME FUJI AY,19970407,-75,-9999,-9999
GHCND:AYM00089734,DOME FUJI AY,19970408,-87,-9999,-9999
GHCND:AYM00089734,DOME FUJI AY,19970409,-95,-9999,-9999
GHCND:AYM00089734,DOME FUJI AY,19970410,-84,-9999,-9999
GHCND:AYM00089734,DOME FUJI AY,19970411,-78,-9999,-9999
GHCND:AYM00089734,DOME FUJI AY,19970412,-78,-9999,-9999
GHCND:AYM00089734,DOME FUJI AY,19970413,-85,-9999,-9999
GHCND:AYM00089734,DOME FUJI AY,19970416,-93,-9999,-9999
GHCND:AYM00089734,DOME FUJI AY,19970420,-76,-9999,-9999
GHCND:AYM00089734,DOME FUJI AY,19970421,-71,-9999,-9999
GHCND:AYM00089734,DOME FUJI AY,19970422,-76,-9999,-9999
GHCND:AYM00089734,DOME FUJI AY,19970423,-72,-9999,-9999
GHCND:AYM00089734,DOME FUJI AY,19970424,-79,-9999,-9999
GHCND:AYM00089734,DOME FUJI AY,19970426,-76,-9999,-9999
GHCND:AYM00089734,DOME FUJI AY,19970427,-58,-9999,-9999
GHCND:AYM00089734,DOME FUJI AY,19970428,-60,-9999,-9999
GHCND:AYM00089734,DOME FUJI AY,19970429,-72,-9999,-9999
GHCND:AYM00089734,DOME FUJI AY,19970430,-84,-9999,-9999
GHCND:AYM00089734,DOME FUJI AY,19970501,-85,-9999,-9999
GHCND:AYM00089734,DOME FUJI AY,19970503,-88,-9999,-9999
GHCND:AYM00089734,DOME FUJI AY,19970504,-80,-9999,-9999
GHCND:AYM00089734,DOME FUJI AY,19970505,-78,-9999,-9999
GHCND:AYM00089734,DOME FUJI AY,19970506,-91,-9999,-9999
GHCND:AYM00089734,DOME FUJI AY,19970511,-97,-9999,-9999
GHCND:AYM00089734,DOME FUJI AY,19970512,-77,-9999,-9999
GHCND:AYM00089734,DOME FUJI AY,19970513,-90,-9999,-9999
GHCND:AYM00089734,DOME FUJI AY,19970515,-101,-9999,-9999
GHCND:AYM00089734,DOME FUJI AY,19970516,-86,-9999,-9999
GHCND:AYM00089734,DOME FUJI AY,19970517,-79,-9999,-9999
GHCND:AYM00089734,DOME FUJI AY,19970518,-94,-9999,-9999
GHCND:AYM00089734,DOME FUJI AY,19970519,-88,-9999,-9999
GHCND:AYM00089734,DOME FUJI AY,19970521,-82,-9999,-9999
GHCND:AYM00089734,DOME FUJI AY,19970522,-80,-9999,-9999
GHCND:AYM00089734,DOME FUJI AY,19970523,-74,-9999,-9999
GHCND:AYM00089734,DOME FUJI AY,19970524,-80,-9999,-9999
GHCND:AYM00089734,DOME FUJI AY,19970526,-85,-9999,-9999
GHCND:AYM00089734,DOME FUJI AY,19970528,-83,-9999,-9999
GHCND:AYM00089734,DOME FUJI AY,19970529,-80,-9999,-9999
GHCND:AYM00089734,DOME FUJI AY,19970530,-90,-9999,-9999
GHCND:AYM00089734,DOME FUJI AY,19970601,-89,-9999,-9999
GHCND:AYM00089734,DOME FUJI AY,19970602,-96,-9999,-9999
GHCND:AYM00089734,DOME FUJI AY,19970604,-87,-9999,-9999
GHCND:AYM00089734,DOME FUJI AY,19970606,-75,-9999,-9999
GHCND:AYM00089734,DOME FUJI AY,19970607,-89,-9999,-9999
GHCND:AYM00089734,DOME FUJI AY,19970609,-92,-9999,-9999
GHCND:AYM00089734,DOME FUJI AY,19970611,-93,-9999,-9999
GHCND:AYM00089734,DOME FUJI AY,19970613,-77,-9999,-9999
GHCND:AYM00089734,DOME FUJI AY,19970615,-72,-9999,-9999
GHCND:AYM00089734,DOME FUJI AY,19970620,-61,-9999,-9999
GHCND:AYM00089734,DOME FUJI AY,19970621,-58,-9999,-9999
GHCND:AYM00089734,DOME FUJI AY,19970622,-71,-9999,-9999
GHCND:AYM00089734,DOME FUJI AY,19970623,-63,-9999,-9999
GHCND:AYM00089734,DOME FUJI AY,19970624,-69,-9999,-9999
GHCND:AYM00089734,DOME FUJI AY,19970625,-67,-9999,-9999
GHCND:AYM00089734,DOME FUJI AY,19970626,-66,-9999,-9999
GHCND:AYM00089734,DOME FUJI AY,19970627,-75,-9999,-9999
GHCND:AYM00089734,DOME FUJI AY,19970630,-81,-9999,-9999
GHCND:AYM00089734,DOME FUJI AY,19970703,-100,-9999,-9999
GHCND:AYM00089734,DOME FUJI AY,19970711,-95,-9999,-9999
GHCND:AYM00089734,DOME FUJI AY,19970712,-97,-9999,-9999
GHCND:AYM00089734,DOME FUJI AY,19970713,-98,-9999,-9999
GHCND:AYM00089734,DOME FUJI AY,19970717,-70,-9999,-9999
GHCND:AYM00089734,DOME FUJI AY,19970718,-71,-9999,-9999
GHCND:AYM00089734,DOME FUJI AY,19970719,-79,-9999,-9999
GHCND:AYM00089734,DOME FUJI AY,19970720,-83,-9999,-9999
GHCND:AYM00089734,DOME FUJI AY,19970722,-96,-9999,-9999
GHCND:AYM00089734,DOME FUJI AY,19970724,-102,-9999,-9999
GHCND:AYM00089734,DOME FUJI AY,19970725,-64,-9999,-9999
GHCND:AYM00089734,DOME FUJI AY,19970726,-57,-9999,-9999
GHCND:AYM00089734,DOME FUJI AY,19970727,-64,-9999,-9999
GHCND:AYM00089734,DOME FUJI AY,19970728,-66,-9999,-9999
GHCND:AYM00089734,DOME FUJI AY,19970729,-71,-9999,-9999
GHCND:AYM00089734,DOME FUJI AY,19970730,-72,-9999,-9999
GHCND:AYM00089734,DOME FUJI AY,19970731,-71,-9999,-9999
GHCND:AYM00089734,DOME FUJI AY,19970801,-91,-9999,-9999
GHCND:AYM00089734,DOME FUJI AY,19970802,-95,-9999,-9999
GHCND:AYM00089734,DOME FUJI AY,19970804,-104,-9999,-9999
GHCND:AYM00089734,DOME FUJI AY,19970805,-78,-9999,-9999
GHCND:AYM00089734,DOME FUJI AY,19970808,-95,-9999,-9999
GHCND:AYM00089734,DOME FUJI AY,19970809,-90,-9999,-9999
GHCND:AYM00089734,DOME FUJI AY,19970810,-87,-9999,-9999
GHCND:AYM00089734,DOME FUJI AY,19970811,-90,-9999,-9999
GHCND:AYM00089734,DOME FUJI AY,19970813,-73,-9999,-9999
GHCND:AYM00089734,DOME FUJI AY,19970816,-96,-9999,-9999
GHCND:AYM00089734,DOME FUJI AY,19970819,-84,-9999,-9999
GHCND:AYM00089734,DOME FUJI AY,19970820,-93,-9999,-9999
GHCND:AYM00089734,DOME FUJI AY,19970824,-67,-9999,-9999
GHCND:AYM00089734,DOME FUJI AY,19970825,-84,-9999,-9999
GHCND:AYM00089734,DOME FUJI AY,19970827,-79,-9999,-9999
GHCND:AYM00089734,DOME FUJI AY,19970828,-77,-9999,-9999
GHCND:AYM00089734,DOME FUJI AY,19970829,-78,-9999,-9999
GHCND:AYM00089734,DOME FUJI AY,19970902,-94,-9999,-9999
GHCND:AYM00089734,DOME FUJI AY,19970903,-90,-9999,-9999
GHCND:AYM00089734,DOME FUJI AY,19970904,-90,-9999,-9999
GHCND:AYM00089734,DOME FUJI AY,19970906,-84,-9999,-9999
GHCND:AYM00089734,DOME FUJI AY,19970907,-81,-9999,-9999
GHCND:AYM00089734,DOME FUJI AY,19970908,-95,-9999,-9999
GHCND:AYM00089734,DOME FUJI AY,19970909,-96,-9999,-9999
GHCND:AYM00089734,DOME FUJI AY,19970911,-90,-9999,-9999
GHCND:AYM00089734,DOME FUJI AY,19970913,-89,-9999,-9999
GHCND:AYM00089734,DOME FUJI AY,19970915,-100,-9999,-9999
GHCND:AYM00089734,DOME FUJI AY,19970916,-88,-9999,-9999
GHCND:AYM00089734,DOME FUJI AY,19970917,-84,-9999,-9999
GHCND:AYM00089734,DOME FUJI AY,19970919,-94,-9999,-9999
GHCND:AYM00089734,DOME FUJI AY,19970920,-77,-9999,-9999
GHCND:AYM00089734,DOME FUJI AY,19970922,-91,-9999,-9999
GHCND:AYM00089734,DOME FUJI AY,19970923,-87,-9999,-9999
GHCND:AYM00089734,DOME FUJI AY,19970926,-74,-9999,-9999
GHCND:AYM00089734,DOME FUJI AY,19970927,-70,-9999,-9999
GHCND:AYM00089734,DOME FUJI AY,19970928,-69,-9999,-9999
GHCND:AYM00089734,DOME FUJI AY,19970930,-64,-9999,-9999
GHCND:AYM00089734,DOME FUJI AY,19971002,-78,-9999,-9999
GHCND:AYM00089734,DOME FUJI AY,19971004,-74,-9999,-9999
GHCND:AYM00089734,DOME FUJI AY,19971005,-70,-9999,-9999
GHCND:AYM00089734,DOME FUJI AY,19971006,-67,-9999,-9999
GHCND:AYM00089734,DOME FUJI AY,19971007,-52,-9999,-9999
GHCND:AYM00089734,DOME FUJI AY,19971008,-58,-9999,-9999
GHCND:AYM00089734,DOME FUJI AY,19971010,-64,-9999,-9999
GHCND:AYM00089734,DOME FUJI AY,19971011,-64,-9999,-9999
GHCND:AYM00089734,DOME FUJI AY,19971012,-67,-9999,-9999
GHCND:AYM00089734,DOME FUJI AY,19971013,-67,-9999,-9999
GHCND:AYM00089734,DOME FUJI AY,19971014,-66,-9999,-9999
GHCND:AYM00089734,DOME FUJI AY,19971015,-69,-9999,-9999
GHCND:AYM00089734,DOME FUJI AY,19971016,-82,-9999,-9999
GHCND:AYM00089734,DOME FUJI AY,19971017,-85,-9999,-9999
GHCND:AYM00089734,DOME FUJI AY,19971018,-75,-9999,-9999
GHCND:AYM00089734,DOME FUJI AY,19971019,-77,-9999,-9999
GHCND:AYM00089734,DOME FUJI AY,19971020,-70,-9999,-9999
GHCND:AYM00089734,DOME FUJI AY,19971022,-62,-9999,-9999
GHCND:AYM00089734,DOME FUJI AY,19971023,-78,-9999,-9999
GHCND:AYM00089734,DOME FUJI AY,19971024,-71,-9999,-9999
GHCND:AYM00089734,DOME FUJI AY,19971025,-71,-9999,-9999
GHCND:AYM00089734,DOME FUJI AY,19971026,-74,-9999,-9999
GHCND:AYM00089734,DOME FUJI AY,19971027,-72,-9999,-9999
GHCND:AYM00089734,DOME FUJI AY,19971028,-68,-9999,-9999
GHCND:AYM00089734,DOME FUJI AY,19971030,-70,-9999,-9999
GHCND:AYM00089734,DOME FUJI AY,19971031,-70,-9999,-9999
GHCND:AYM00089734,DOME FUJI AY,19971101,-74,-9999,-9999
GHCND:AYM00089734,DOME FUJI AY,19971102,-73,-9999,-9999
GHCND:AYM00089734,DOME FUJI AY,19971103,-71,-9999,-9999
GHCND:AYM00089734,DOME FUJI AY,19971104,-73,-9999,-9999
GHCND:AYM00089734,DOME FUJI AY,19971105,-63,-9999,-9999
GHCND:AYM00089734,DOME FUJI AY,19971106,-60,-9999,-9999
GHCND:AYM00089734,DOME FUJI AY,19971107,-58,-9999,-9999
GHCND:AYM00089734,DOME FUJI AY,19971109,-60,-9999,-9999
GHCND:AYM00089734,DOME FUJI AY,19971110,-63,-9999,-9999
GHCND:AYM00089734,DOME FUJI AY,19971111,-58,-9999,-9999
GHCND:AYM00089734,DOME FUJI AY,19971114,-51,-9999,-9999
GHCND:AYM00089734,DOME FUJI AY,19971115,-48,-9999,-9999
GHCND:AYM00089734,DOME FUJI AY,19971117,-46,-9999,-9999
GHCND:AYM00089734,DOME FUJI AY,19971118,-43,-9999,-9999
GHCND:AYM00089734,DOME FUJI AY,19971119,-37,-9999,-9999
GHCND:AYM00089734,DOME FUJI AY,19971120,-38,-9999,-9999
GHCND:AYM00089734,DOME FUJI AY,19971121,-39,-9999,-9999
GHCND:AYM00089734,DOME FUJI AY,19971122,-37,-9999,-9999
GHCND:AYM00089734,DOME FUJI AY,19971123,-39,-9999,-9999
GHCND:AYM00089734,DOME FUJI AY,19971124,-36,-9999,-9999
GHCND:AYM00089734,DOME FUJI AY,19971125,-40,-9999,-9999
GHCND:AYM00089734,DOME FUJI AY,19971126,-39,-9999,-9999
GHCND:AYM00089734,DOME FUJI AY,19971129,-41,-9999,-9999
GHCND:AYM00089734,DOME FUJI AY,19971130,-37,-9999,-9999
GHCND:AYM00089734,DOME FUJI AY,19971202,-18,-9999,-9999
GHCND:AYM00089734,DOME FUJI AY,19971203,-20,-9999,-9999
GHCND:AYM00089734,DOME FUJI AY,19971204,-23,-9999,-9999
GHCND:AYM00089734,DOME FUJI AY,19971205,-24,-9999,-9999
GHCND:AYM00089734,DOME FUJI AY,19971206,-24,-9999,-9999
GHCND:AYM00089734,DOME FUJI AY,19971207,-24,-9999,-9999
GHCND:AYM00089734,DOME FUJI AY,19971208,-36,-9999,-9999
GHCND:AYM00089734,DOME FUJI AY,19971209,-32,-9999,-9999
GHCND:AYM00089734,DOME FUJI AY,19971210,-34,-9999,-9999
GHCND:AYM00089734,DOME FUJI AY,19971211,-28,-9999,-9999
GHCND:AYM00089734,DOME FUJI AY,19971212,-30,-9999,-9999
GHCND:AYM00089734,DOME FUJI AY,19971213,-27,-9999,-9999
GHCND:AYM00089734,DOME FUJI AY,19971214,-28,-9999,-9999
GHCND:AYM00089734,DOME FUJI AY,19971215,-25,-9999,-9999
GHCND:AYM00089734,DOME FUJI AY,19971217,-25,-9999,-9999
GHCND:AYM00089734,DOME FUJI AY,19971219,-14,-9999,-9999
GHCND:AYM00089734,DOME FUJI AY,19971220,-18,-9999,-9999
GHCND:AYM00089734,DOME FUJI AY,19971221,-20,-9999,-9999
GHCND:AYM00089734,DOME FUJI AY,19971222,-21,-9999,-9999
GHCND:AYM00089734,DOME FUJI AY,19971223,-19,-9999,-9999
GHCND:AYM00089734,DOME FUJI AY,19991026,-38,-9999,-9999
GHCND:AYM00089734,DOME FUJI AY,19991027,-44,-9999,-9999
GHCND:AYM00089734,DOME FUJI AY,19991029,-46,-9999,-9999
GHCND:AYM00089734,DOME FUJI AY,19991030,-47,-9999,-9999
GHCND:AYM00089734,DOME FUJI AY,19991101,-46,-9999,-9999
GHCND:AYM00089734,DOME FUJI AY,19991103,-48,-9999,-9999
GHCND:AYM00089734,DOME FUJI AY,20060809,-68,-9999,-9999
GHCND:AYM00089734,DOME FUJI AY,20060810,-72,-9999,-9999
GHCND:AYM00089734,DOME FUJI AY,20060819,-75,-9999,-9999
GHCND:AYM00089734,DOME FUJI AY,20060823,-67,-9999,-9999
GHCND:AYM00089734,DOME FUJI AY,20060827,-74,-9999,-9999
GHCND:AYM00089734,DOME FUJI AY,20060828,-73,-9999,-9999
GHCND:AYM00089734,DOME FUJI AY,20060830,-72,-9999,-9999
GHCND:AYM00089734,DOME FUJI AY,20060907,-64,-9999,-9999
GHCND:AYM00089734,DOME FUJI AY,20060908,-65,-9999,-9999
GHCND:AYM00089734,DOME FUJI AY,20060911,-62,-9999,-9999
GHCND:AYM00089734,DOME FUJI AY,20060912,-66,-9999,-9999
GHCND:AYM00089734,DOME FUJI AY,20060913,-66,-9999,-9999
GHCND:AYM00089734,DOME FUJI AY,20060918,-68,-9999,-9999
GHCND:AYM00089734,DOME FUJI AY,20060919,-64,-9999,-9999
GHCND:AYM00089734,DOME FUJI AY,20060920,-66,-9999,-9999
GHCND:AYM00089734,DOME FUJI AY,20060921,-65,-9999,-9999
GHCND:AYM00089734,DOME FUJI AY,20060922,-70,-9999,-9999
GHCND:AYM00089734,DOME FUJI AY,20060923,-63,-9999,-9999
GHCND:AYM00089734,DOME FUJI AY,20060924,-64,-9999,-9999
GHCND:AYM00089734,DOME FUJI AY,20060925,-66,-9999,-9999
GHCND:AYM00089734,DOME FUJI AY,20060926,-58,-9999,-9999
GHCND:AYM00089734,DOME FUJI AY,20060927,-60,-9999,-9999
GHCND:AYM00089734,DOME FUJI AY,20060928,-57,-9999,-9999
GHCND:AYM00089734,DOME FUJI AY,20060929,-46,-9999,-9999
GHCND:AYM00089734,DOME FUJI AY,20060930,-64,-9999,-9999
GHCND:AYM00089734,DOME FUJI AY,20061001,-60,-9999,-9999
GHCND:AYM00089734,DOME FUJI AY,20061002,-54,-9999,-9999
GHCND:AYM00089734,DOME FUJI AY,20061003,-64,-9999,-9999
GHCND:AYM00089734,DOME FUJI AY,20061004,-65,-9999,-9999
GHCND:AYM00089734,DOME FUJI AY,20061005,-43,-9999,-9999
GHCND:AYM00089734,DOME FUJI AY,20061006,-67,-9999,-9999
GHCND:AYM00089734,DOME FUJI AY,20061007,-57,-9999,-9999
GHCND:AYM00089734,DOME FUJI AY,20061008,-49,-9999,-9999
GHCND:AYM00089734,DOME FUJI AY,20061011,-66,-9999,-9999
GHCND:AYM00089734,DOME FUJI AY,20061013,-64,-9999,-9999
GHCND:AYM00089734,DOME FUJI AY,20061014,-70,-9999,-9999
GHCND:AYM00089734,DOME FUJI AY,20061015,-72,-9999,-9999
GHCND:AYM00089734,DOME FUJI AY,20061019,-69,-9999,-9999
GHCND:AYM00089734,DOME FUJI AY,20061022,-69,-9999,-9999
GHCND:AYM00089734,DOME FUJI AY,20061023,-67,-9999,-9999
GHCND:AYM00089734,DOME FUJI AY,20061025,-64,-9999,-9999
GHCND:AYM00089734,DOME FUJI AY,20100310,-64,-9999,-9999
GHCND:AYM00089734,DOME FUJI AY,20100311,-64,-9999,-9999
GHCND:AYM00089734,DOME FUJI AY,20100312,-66,-9999,-9999
GHCND:AYM00089734,DOME FUJI AY,20100313,-67,-9999,-9999
GHCND:AYM00089734,DOME FUJI AY,20100314,-61,-9999,-9999
GHCND:AYM00089734,DOME FUJI AY,20100315,-57,-9999,-9999
GHCND:AYM00089734,DOME FUJI AY,20100316,-55,-9999,-9999
GHCND:AYM00089734,DOME FUJI AY,20100317,-64,-9999,-9999
GHCND:AYM00089734,DOME FUJI AY,20100318,-71,-9999,-9999
GHCND:AYM00089734,DOME FUJI AY,20100319,-68,-9999,-9999
GHCND:AYM00089734,DOME FUJI AY,20100320,-67,-9999,-9999
GHCND:AYM00089734,DOME FUJI AY,20100321,-56,-9999,-9999
GHCND:AYM00089734,DOME FUJI AY,20100322,-63,-9999,-9999
GHCND:AYM00089734,DOME FUJI AY,20100323,-72,-9999,-9999
GHCND:AYM00089734,DOME FUJI AY,20100325,-75,-9999,-9999
GHCND:AYM00089734,DOME FUJI AY,20100328,-70,-9999,-9999
GHCND:AYM00089734,DOME FUJI AY,20100330,-69,-9999,-9999
GHCND:AYM00089734,DOME FUJI AY,20100331,-66,-9999,-9999
GHCND:AYM00089734,DOME FUJI AY,20100401,-73,-9999,-9999
GHCND:AYM00089734,DOME FUJI AY,20100402,-73,-9999,-9999
GHCND:AYM00089734,DOME FUJI AY,20100405,-66,-9999,-9999
GHCND:AYM00089734,DOME FUJI AY,20100406,-63,-9999,-9999
GHCND:AYM00089734,DOME FUJI AY,20100407,-63,-9999,-9999
GHCND:AYM00089734,DOME FUJI AY,20100408,-68,-9999,-9999
GHCND:AYM00089734,DOME FUJI AY,20100416,-72,-9999,-9999
GHCND:AYM00089734,DOME FUJI AY,20100418,-74,-9999,-9999
GHCND:AYM00089734,DOME FUJI AY,20100419,-86,-9999,-9999
GHCND:AYM00089734,DOME FUJI AY,20100420,-88,-9999,-9999
GHCND:AYM00089734,DOME FUJI AY,20100421,-84,-9999,-9999
GHCND:AYM00089734,DOME FUJI AY,20100422,-87,-9999,-9999
GHCND:AYM00089734,DOME FUJI AY,20100423,-86,-9999,-9999
GHCND:AYM00089734,DOME FUJI AY,20100424,-79,-9999,-9999
GHCND:AYM00089734,DOME FUJI AY,20100425,-81,-9999,-9999
GHCND:AYM00089734,DOME FUJI AY,20100426,-73,-9999,-9999
GHCND:AYM00089734,DOME FUJI AY,20100427,-66,-9999,-9999
GHCND:AYM00089734,DOME FUJI AY,20100428,-74,-9999,-9999
GHCND:AYM00089734,DOME FUJI AY,20100429,-86,-9999,-9999
GHCND:AYM00089734,DOME FUJI AY,20100430,-87,-9999,-9999
GHCND:AYM00089734,DOME FUJI AY,20100501,-89,-9999,-9999
GHCND:AYM00089734,DOME FUJI AY,20100502,-84,-9999,-9999
GHCND:AYM00089734,DOME FUJI AY,20100503,-53,-9999,-9999
GHCND:AYM00089734,DOME FUJI AY,20100504,-62,-9999,-9999
GHCND:AYM00089734,DOME FUJI AY,20100505,-81,-9999,-9999
GHCND:AYM00089734,DOME FUJI AY,20100506,-79,-9999,-9999
GHCND:AYM00089734,DOME FUJI AY,20100507,-87,-9999,-9999
GHCND:AYM00089734,DOME FUJI AY,20100508,-92,-9999,-9999
GHCND:AYM00089734,DOME FUJI AY,20100509,-72,-9999,-9999
GHCND:AYM00089734,DOME FUJI AY,20100510,-72,-9999,-9999
GHCND:AYM00089734,DOME FUJI AY,20100511,-80,-9999,-9999
GHCND:AYM00089734,DOME FUJI AY,20100512,-80,-9999,-9999
GHCND:AYM00089734,DOME FUJI AY,20100513,-77,-9999,-9999
GHCND:AYM00089734,DOME FUJI AY,20100514,-83,-9999,-9999
GHCND:AYM00089734,DOME FUJI AY,20100515,-84,-9999,-9999
GHCND:AYM00089734,DOME FUJI AY,20100516,-66,-9999,-9999
GHCND:AYM00089734,DOME FUJI AY,20100517,-83,-9999,-9999
GHCND:AYM00089734,DOME FUJI AY,20100518,-79,-9999,-9999
GHCND:AYM00089734,DOME FUJI AY,20100519,-70,-9999,-9999
GHCND:AYM00089734,DOME FUJI AY,20100520,-73,-9999,-9999
GHCND:AYM00089734,DOME FUJI AY,20100521,-84,-9999,-9999
GHCND:AYM00089734,DOME FUJI AY,20100522,-77,-9999,-9999
GHCND:AYM00089734,DOME FUJI AY,20100523,-82,-9999,-9999
GHCND:AYM00089734,DOME FUJI AY,20100524,-80,-9999,-9999
GHCND:AYM00089734,DOME FUJI AY,20100525,-81,-9999,-9999
GHCND:AYM00089734,DOME FUJI AY,20100526,-91,-9999,-9999
GHCND:AYM00089734,DOME FUJI AY,20100527,-89,-9999,-9999
GHCND:AYM00089734,DOME FUJI AY,20100528,-82,-9999,-9999
GHCND:AYM00089734,DOME FUJI AY,20100529,-79,-9999,-9999
GHCND:AYM00089734,DOME FUJI AY,20100530,-82,-9999,-9999
GHCND:AYM00089734,DOME FUJI AY,20100531,-73,-9999,-9999
GHCND:AYM00089734,DOME FUJI AY,20100601,-91,-9999,-9999
GHCND:AYM00089734,DOME FUJI AY,20100602,-96,-9999,-9999
GHCND:AYM00089734,DOME FUJI AY,20100603,-96,-9999,-9999
GHCND:AYM00089734,DOME FUJI AY,20100604,-101,-9999,-9999
GHCND:AYM00089734,DOME FUJI AY,20100605,-101,-9999,-9999
GHCND:AYM00089734,DOME FUJI AY,20100606,-92,-9999,-9999
GHCND:AYM00089734,DOME FUJI AY,20100607,-89,-9999,-9999
GHCND:AYM00089734,DOME FUJI AY,20100608,-87,-9999,-9999
GHCND:AYM00089734,DOME FUJI AY,20100609,-84,-9999,-9999
GHCND:AYM00089734,DOME FUJI AY,20100610,-97,-9999,-9999
GHCND:AYM00089734,DOME FUJI AY,20100611,-84,-9999,-9999
GHCND:AYM00089734,DOME FUJI AY,20100612,-93,-9999,-9999
GHCND:AYM00089734,DOME FUJI AY,20100614,-85,-9999,-9999
GHCND:AYM00089734,DOME FUJI AY,20100615,-87,-9999,-9999
GHCND:AYM00089734,DOME FUJI AY,20100616,-82,-9999,-9999
GHCND:AYM00089734,DOME FUJI AY,20100617,-85,-9999,-9999
GHCND:AYM00089734,DOME FUJI AY,20100618,-99,-9999,-9999
GHCND:AYM00089734,DOME FUJI AY,20100619,-100,-9999,-9999
GHCND:AYM00089734,DOME FUJI AY,20100620,-85,-9999,-9999
GHCND:AYM00089734,DOME FUJI AY,20100621,-94,-9999,-9999
GHCND:AYM00089734,DOME FUJI AY,20100622,-89,-9999,-9999
GHCND:AYM00089734,DOME FUJI AY,20100623,-91,-9999,-9999
GHCND:AYM00089734,DOME FUJI AY,20100624,-79,-9999,-9999
GHCND:AYM00089734,DOME FUJI AY,20100625,-75,-9999,-9999
GHCND:AYM00089734,DOME FUJI AY,20100626,-83,-9999,-9999
GHCND:AYM00089734,DOME FUJI AY,20100627,-88,-9999,-9999
GHCND:AYM00089734,DOME FUJI AY,20100628,-85,-9999,-9999
GHCND:AYM00089734,DOME FUJI AY,20100629,-90,-9999,-9999
GHCND:AYM00089734,DOME FUJI AY,20100630,-93,-9999,-9999
GHCND:AYM00089734,DOME FUJI AY,20100701,-96,-9999,-9999
GHCND:AYM00089734,DOME FUJI AY,20100702,-103,-9999,-9999
GHCND:AYM00089734,DOME FUJI AY,20100703,-104,-9999,-9999
GHCND:AYM00089734,DOME FUJI AY,20100704,-106,-9999,-9999
GHCND:AYM00089734,DOME FUJI AY,20100705,-109,-9999,-9999
GHCND:AYM00089734,DOME FUJI AY,20100706,-105,-9999,-9999
GHCND:AYM00089734,DOME FUJI AY,20100707,-93,-9999,-9999
GHCND:AYM00089734,DOME FUJI AY,20100708,-84,-9999,-9999
GHCND:AYM00089734,DOME FUJI AY,20100922,-75,-9999,-9999
GHCND:AYM00089734,DOME FUJI AY,20100923,-73,-9999,-9999
GHCND:AYM00089734,DOME FUJI AY,20100924,-70,-9999,-9999
GHCND:AYM00089734,DOME FUJI AY,20100925,-74,-9999,-9999
GHCND:AYM00089734,DOME FUJI AY,20100926,-68,-9999,-9999
GHCND:AYM00089734,DOME FUJI AY,20100927,-71,-9999,-9999
GHCND:AYM00089734,DOME FUJI AY,20100928,-71,-9999,-9999
GHCND:AYM00089734,DOME FUJI AY,20100929,-51,-9999,-9999
GHCND:AYM00089734,DOME FUJI AY,20100930,-64,-9999,-9999
GHCND:AYM00089734,DOME FUJI AY,20101001,-64,-9999,-9999
GHCND:AYM00089734,DOME FUJI AY,20101002,-68,-9999,-9999
GHCND:AYM00089734,DOME FUJI AY,20101003,-58,-9999,-9999
GHCND:AYM00089734,DOME FUJI AY,20101004,-52,-9999,-9999
GHCND:AYM00089734,DOME FUJI AY,20101005,-66,-9999,-9999
GHCND:AYM00089734,DOME FUJI AY,20101006,-64,-9999,-9999
GHCND:AYM00089734,DOME FUJI AY,20101007,-66,-9999,-9999
GHCND:AYM00089734,DOME FUJI AY,20101008,-67,-9999,-9999
GHCND:AYM00089734,DOME FUJI AY,20101009,-49,-9999,-9999
GHCND:AYM00089734,DOME FUJI AY,20101010,-74,-9999,-9999
GHCND:AYM00089734,DOME FUJI AY,20101011,-60,-9999,-9999
GHCND:AYM00089734,DOME FUJI AY,20101012,-52,-9999,-9999
GHCND:AYM00089734,DOME FUJI AY,20110124,-26,-9999,-9999
GHCND:AYM00089734,DOME FUJI AY,20110412,-81,-9999,-9999
GHCND:AYM00089734,DOME FUJI AY,20110413,-53,-9999,-9999
GHCND:AYM00089734,DOME FUJI AY,20110414,-63,-9999,-9999
GHCND:AYM00089734,DOME FUJI AY,20110415,-69,-9999,-9999
GHCND:AYM00089734,DOME FUJI AY,20110419,-88,-9999,-9999
GHCND:AYM00089734,DOME FUJI AY,20110420,-90,-9999,-9999
GHCND:AYM00089734,DOME FUJI AY,20110421,-82,-9999,-9999
GHCND:AYM00089734,DOME FUJI AY,20110422,-85,-9999,-9999
GHCND:AYM00089734,DOME FUJI AY,20110423,-87,-9999,-9999
GHCND:AYM00089734,DOME FUJI AY,20110424,-90,-9999,-9999
GHCND:AYM00089734,DOME FUJI AY,20110425,-87,-9999,-9999
GHCND:AYM00089734,DOME FUJI AY,20110426,-93,-9999,-9999
GHCND:AYM00089734,DOME FUJI AY,20110427,-92,-9999,-9999
GHCND:AYM00089734,DOME FUJI AY,20110428,-78,-9999,-9999
GHCND:AYM00089734,DOME FUJI AY,20110429,-66,-9999,-9999
GHCND:AYM00089734,DOME FUJI AY,20110430,-66,-9999,-9999
GHCND:AYM00089734,DOME FUJI AY,20110501,-65,-9999,-9999
GHCND:AYM00089734,DOME FUJI AY,20110502,-61,-9999,-9999
GHCND:AYM00089734,DOME FUJI AY,20110503,-71,-9999,-9999
GHCND:AYM00089734,DOME FUJI AY,20110504,-76,-9999,-9999
GHCND:AYM00089734,DOME FUJI AY,20110505,-83,-9999,-9999
GHCND:AYM00089734,DOME FUJI AY,20110506,-91,-9999,-9999
GHCND:AYM00089734,DOME FUJI AY,20110507,-79,-9999,-9999
GHCND:AYM00089734,DOME FUJI AY,20110508,-66,-9999,-9999
GHCND:AYM00089734,DOME FUJI AY,20110509,-77,-9999,-9999
GHCND:AYM00089734,DOME FUJI AY,20110510,-61,-9999,-9999
GHCND:AYM00089734,DOME FUJI AY,20110511,-46,-9999,-9999
GHCND:AYM00089734,DOME FUJI AY,20110512,-40,-9999,-9999
GHCND:AYM00089734,DOME FUJI AY,20110513,-62,-9999,-9999
GHCND:AYM00089734,DOME FUJI AY,20110514,-70,-9999,-9999
GHCND:AYM00089734,DOME FUJI AY,20110515,-73,-9999,-9999
GHCND:AYM00089734,DOME FUJI AY,20110516,-70,-9999,-9999
GHCND:AYM00089734,DOME FUJI AY,20110517,-91,-9999,-9999
GHCND:AYM00089734,DOME FUJI AY,20110518,-87,-9999,-9999
GHCND:AYM00089734,DOME FUJI AY,20110519,-94,-9999,-9999
GHCND:AYM00089734,DOME FUJI AY,20110520,-94,-9999,-9999
GHCND:AYM00089734,DOME FUJI AY,20110521,-73,-9999,-9999
GHCND:AYM00089734,DOME FUJI AY,20110522,-79,-9999,-9999
GHCND:AYM00089734,DOME FUJI AY,20110523,-78,-9999,-9999
GHCND:AYM00089734,DOME FUJI AY,20110524,-89,-9999,-9999
GHCND:AYM00089734,DOME FUJI AY,20110525,-71,-9999,-9999
GHCND:AYM00089734,DOME FUJI AY,20110526,-68,-9999,-9999
GHCND:AYM00089734,DOME FUJI AY,20110527,-84,-9999,-9999
GHCND:AYM00089734,DOME FUJI AY,20110528,-80,-9999,-9999
GHCND:AYM00089734,DOME FUJI AY,20110529,-72,-9999,-9999
GHCND:AYM00089734,DOME FUJI AY,20110530,-89,-9999,-9999
GHCND:AYM00089734,DOME FUJI AY,20110531,-73,-9999,-9999
GHCND:AYM00089734,DOME FUJI AY,20110601,-65,-9999,-9999
GHCND:AYM00089734,DOME FUJI AY,20110602,-62,-9999,-9999
GHCND:AYM00089734,DOME FUJI AY,20110603,-53,-9999,-9999
GHCND:AYM00089734,DOME FUJI AY,20110604,-55,-9999,-9999
GHCND:AYM00089734,DOME FUJI AY,20110605,-59,-9999,-9999
GHCND:AYM00089734,DOME FUJI AY,20110606,-69,-9999,-9999
GHCND:AYM00089734,DOME FUJI AY,20110607,-72,-9999,-9999
GHCND:AYM00089734,DOME FUJI AY,20110608,-78,-9999,-9999
GHCND:AYM00089734,DOME FUJI AY,20110609,-79,-9999,-9999
GHCND:AYM00089734,DOME FUJI AY,20110610,-67,-9999,-9999
GHCND:AYM00089734,DOME FUJI AY,20110611,-88,-9999,-9999
GHCND:AYM00089734,DOME FUJI AY,20110612,-83,-9999,-9999
GHCND:AYM00089734,DOME FUJI AY,20110613,-80,-9999,-9999
GHCND:AYM00089734,DOME FUJI AY,20110614,-78,-9999,-9999
GHCND:AYM00089734,DOME FUJI AY,20110615,-74,-9999,-9999
GHCND:AYM00089734,DOME FUJI AY,20110616,-62,-9999,-9999
GHCND:AYM00089734,DOME FUJI AY,20110617,-51,-9999,-9999
GHCND:AYM00089734,DOME FUJI AY,20110618,-66,-9999,-9999
GHCND:AYM00089734,DOME FUJI AY,20110619,-73,-9999,-9999
GHCND:AYM00089734,DOME FUJI AY,20110620,-75,-9999,-9999
GHCND:AYM00089734,DOME FUJI AY,20110621,-56,-9999,-9999
GHCND:AYM00089734,DOME FUJI AY,20110622,-73,-9999,-9999
GHCND:AYM00089734,DOME FUJI AY,20110623,-76,-9999,-9999
GHCND:AYM00089734,DOME FUJI AY,20110624,-60,-9999,-9999
GHCND:AYM00089734,DOME FUJI AY,20110625,-47,-9999,-9999
GHCND:AYM00089734,DOME FUJI AY,20110626,-47,-9999,-9999
GHCND:AYM00089734,DOME FUJI AY,20110627,-72,-9999,-9999
GHCND:AYM00089734,DOME FUJI AY,20110628,-76,-9999,-9999
GHCND:AYM00089734,DOME FUJI AY,20110629,-82,-9999,-9999
GHCND:AYM00089734,DOME FUJI AY,20110630,-93,-9999,-9999
GHCND:AYM00089734,DOME FUJI AY,20110701,-85,-9999,-9999
GHCND:AYM00089734,DOME FUJI AY,20110702,-90,-9999,-9999
GHCND:AYM00089734,DOME FUJI AY,20110703,-95,-9999,-9999
GHCND:AYM00089734,DOME FUJI AY,20110704,-61,-9999,-9999
GHCND:AYM00089734,DOME FUJI AY,20110705,-74,-9999,-9999
GHCND:AYM00089734,DOME FUJI AY,20110706,-81,-9999,-9999
GHCND:AYM00089734,DOME FUJI AY,20110707,-83,-9999,-9999
GHCND:AYM00089734,DOME FUJI AY,20110708,-75,-9999,-9999
GHCND:AYM00089734,DOME FUJI AY,20110709,-87,-9999,-9999
GHCND:AYM00089734,DOME FUJI AY,20110710,-81,-9999,-9999
GHCND:AYM00089734,DOME FUJI AY,20110711,-85,-9999,-9999
GHCND:AYM00089734,DOME FUJI AY,20110712,-56,-9999,-9999
GHCND:AYM00089734,DOME FUJI AY,20110719,-75,-9999,-9999
GHCND:AYM00089734,DOME FUJI AY,20110720,-89,-9999,-9999
GHCND:AYM00089734,DOME FUJI AY,20110721,-89,-9999,-9999
GHCND:AYM00089734,DOME FUJI AY,20110722,-79,-9999,-9999
GHCND:AYM00089734,DOME FUJI AY,20110723,-74,-9999,-9999
GHCND:AYM00089734,DOME FUJI AY,20110724,-74,-9999,-9999
GHCND:AYM00089734,DOME FUJI AY,20110725,-89,-9999,-9999
GHCND:AYM00089734,DOME FUJI AY,20110726,-84,-9999,-9999
GHCND:AYM00089734,DOME FUJI AY,20110727,-77,-9999,-9999
GHCND:AYM00089734,DOME FUJI AY,20110728,-80,-9999,-9999
GHCND:AYM00089734,DOME FUJI AY,20110729,-86,-9999,-9999
GHCND:AYM00089734,DOME FUJI AY,20110730,-80,-9999,-9999
GHCND:AYM00089734,DOME FUJI AY,20110731,-59,-9999,-9999
GHCND:AYM00089734,DOME FUJI AY,20110801,-79,-9999,-9999
GHCND:AYM00089734,DOME FUJI AY,20110802,-82,-9999,-9999
GHCND:AYM00089734,DOME FUJI AY,20110803,-77,-9999,-9999
GHCND:AYM00089734,DOME FUJI AY,20110804,-94,-9999,-9999
GHCND:AYM00089734,DOME FUJI AY,20110805,-55,-9999,-9999
GHCND:AYM00089734,DOME FUJI AY,20110806,-73,-9999,-9999
GHCND:AYM00089734,DOME FUJI AY,20110807,-74,-9999,-9999
GHCND:AYM00089734,DOME FUJI AY,20110808,-52,-9999,-9999
GHCND:AYM00089734,DOME FUJI AY,20110809,-65,-9999,-9999
GHCND:AYM00089734,DOME FUJI AY,20110810,-81,-9999,-9999
GHCND:AYM00089734,DOME FUJI AY,20110811,-88,-9999,-9999
GHCND:AYM00089734,DOME FUJI AY,20110812,-83,-9999,-9999
GHCND:AYM00089734,DOME FUJI AY,20110813,-84,-9999,-9999
GHCND:AYM00089734,DOME FUJI AY,20110814,-81,-9999,-9999
GHCND:AYM00089734,DOME FUJI AY,20110815,-74,-9999,-9999
GHCND:AYM00089734,DOME FUJI AY,20110816,-92,-9999,-9999
GHCND:AYM00089734,DOME FUJI AY,20110817,-81,-9999,-9999
GHCND:AYM00089734,DOME FUJI AY,20110818,-68,-9999,-9999
GHCND:AYM00089734,DOME FUJI AY,20110819,-69,-9999,-9999
GHCND:AYM00089734,DOME FUJI AY,20110820,-72,-9999,-9999
GHCND:AYM00089734,DOME FUJI AY,20110821,-95,-9999,-9999
GHCND:AYM00089734,DOME FUJI AY,20110822,-97,-9999,-9999
GHCND:AYM00089734,DOME FUJI AY,20110823,-95,-9999,-9999
GHCND:AYM00089734,DOME FUJI AY,20110824,-91,-9999,-9999
GHCND:AYM00089734,DOME FUJI AY,20110825,-86,-9999,-9999
GHCND:AYM00089734,DOME FUJI AY,20110826,-82,-9999,-9999
GHCND:AYM00089734,DOME FUJI AY,20110827,-82,-9999,-9999
GHCND:AYM00089734,DOME FUJI AY,20110828,-78,-9999,-9999
GHCND:AYM00089734,DOME FUJI AY,20110830,-80,-9999,-9999
GHCND:AYM00089734,DOME FUJI AY,20110831,-91,-9999,-9999
GHCND:AYM00089734,DOME FUJI AY,20110901,-85,-9999,-9999
GHCND:AYM00089734,DOME FUJI AY,20110902,-60,-9999,-9999
GHCND:AYM00089734,DOME FUJI AY,20110903,-60,-9999,-9999
GHCND:AYM00089734,DOME FUJI AY,20110904,-69,-9999,-9999
GHCND:AYM00089734,DOME FUJI AY,20110905,-75,-9999,-9999
GHCND:AYM00089734,DOME FUJI AY,20110906,-76,-9999,-9999
GHCND:AYM00089734,DOME FUJI AY,20110907,-76,-9999,-9999
GHCND:AYM00089734,DOME FUJI AY,20110908,-78,-9999,-9999
GHCND:AYM00089734,DOME FUJI AY,20110909,-84,-9999,-9999
GHCND:AYM00089734,DOME FUJI AY,20110910,-86,-9999,-9999
GHCND:AYM00089734,DOME FUJI AY,20110911,-82,-9999,-9999
GHCND:AYM00089734,DOME FUJI AY,20110912,-88,-9999,-9999
GHCND:AYM00089734,DOME FUJI AY,20110913,-69,-9999,-9999
GHCND:AYM00089734,DOME FUJI AY,20110914,-84,-9999,-9999
GHCND:AYM00089734,DOME FUJI AY,20110915,-101,-9999,-9999
GHCND:AYM00089734,DOME FUJI AY,20110916,-100,-9999,-9999
GHCND:AYM00089734,DOME FUJI AY,20110917,-101,-9999,-9999
GHCND:AYM00089734,DOME FUJI AY,20110918,-91,-9999,-9999
GHCND:AYM00089734,DOME FUJI AY,20110919,-79,-9999,-9999
GHCND:AYM00089734,DOME FUJI AY,20110920,-91,-9999,-9999
GHCND:AYM00089734,DOME FUJI AY,20110921,-80,-9999,-9999
GHCND:AYM00089734,DOME FUJI AY,20110922,-91,-9999,-9999
GHCND:AYM00089734,DOME FUJI AY,20110923,-85,-9999,-9999
GHCND:AYM00089734,DOME FUJI AY,20110924,-78,-9999,-9999
GHCND:AYM00089734,DOME FUJI AY,20110925,-75,-9999,-9999
GHCND:AYM00089734,DOME FUJI AY,20110926,-73,-9999,-9999
GHCND:AYM00089734,DOME FUJI AY,20110927,-74,-9999,-9999
GHCND:AYM00089734,DOME FUJI AY,20110929,-68,-9999,-9999
GHCND:AYM00089734,DOME FUJI AY,20110930,-68,-9999,-9999
GHCND:AYM00089734,DOME FUJI AY,20111001,-69,-9999,-9999
GHCND:AYM00089734,DOME FUJI AY,20111002,-80,-9999,-9999
GHCND:AYM00089734,DOME FUJI AY,20111003,-79,-9999,-9999
GHCND:AYM00089734,DOME FUJI AY,20111004,-78,-9999,-9999
GHCND:AYM00089734,DOME FUJI AY,20111005,-66,-9999,-9999
GHCND:AYM00089734,DOME FUJI AY,20111006,-65,-9999,-9999
GHCND:AYM00089734,DOME FUJI AY,20111007,-63,-9999,-9999
GHCND:AYM00089734,DOME FUJI AY,20111008,-71,-9999,-9999
GHCND:AYM00089734,DOME FUJI AY,20111009,-78,-9999,-9999
GHCND:AYM00089734,DOME FUJI AY,20111010,-79,-9999,-9999
GHCND:AYM00089734,DOME FUJI AY,20111011,-76,-9999,-9999
GHCND:AYM00089734,DOME FUJI AY,20111012,-81,-9999,-9999
GHCND:AYM00089734,DOME FUJI AY,20111013,-73,-9999,-9999
GHCND:AYM00089734,DOME FUJI AY,20111014,-83,-9999,-9999
GHCND:AYM00089734,DOME FUJI AY,20111015,-74,-9999,-9999
GHCND:AYM00089734,DOME FUJI AY,20111016,-66,-9999,-9999
GHCND:AYM00089734,DOME FUJI AY,20111017,-56,-9999,-9999
GHCND:AYM00089734,DOME FUJI AY,20111018,-64,-9999,-9999
GHCND:AYM00089734,DOME FUJI AY,20111019,-78,-9999,-9999
GHCND:AYM00089734,DOME FUJI AY,20111020,-75,-9999,-9999
GHCND:AYM00089734,DOME FUJI AY,20111021,-75,-9999,-9999
GHCND:AYM00089734,DOME FUJI AY,20111022,-72,-9999,-9999
GHCND:AYM00089734,DOME FUJI AY,20111023,-59,-9999,-9999
GHCND:AYM00089734,DOME FUJI AY,20111024,-56,-9999,-9999
GHCND:AYM00089734,DOME FUJI AY,20111025,-58,-9999,-9999
GHCND:AYM00089734,DOME FUJI AY,20111026,-55,-9999,-9999
GHCND:AYM00089734,DOME FUJI AY,20111027,-42,-9999,-9999
GHCND:AYM00089734,DOME FUJI AY,20111028,-50,-9999,-9999
GHCND:AYM00089734,DOME FUJI AY,20111029,-53,-9999,-9999
GHCND:AYM00089734,DOME FUJI AY,20111030,-45,-9999,-9999
GHCND:AYM00089734,DOME FUJI AY,20111031,-55,-9999,-9999
GHCND:AYM00089734,DOME FUJI AY,20111101,-43,-9999,-9999
GHCND:AYM00089734,DOME FUJI AY,20111102,-30,-9999,-9999
GHCND:AYM00089734,DOME FUJI AY,20111103,-30,-9999,-9999
GHCND:AYM00089734,DOME FUJI AY,20111104,-42,-9999,-9999
GHCND:AYM00089734,DOME FUJI AY,20111105,-42,-9999,-9999
GHCND:AYM00089734,DOME FUJI AY,20111106,-47,-9999,-9999
GHCND:AYM00089734,DOME FUJI AY,20111107,-47,-9999,-9999
GHCND:AYM00089734,DOME FUJI AY,20111108,-46,-9999,-9999
GHCND:AYM00089734,DOME FUJI AY,20111109,-45,-9999,-9999
GHCND:AYM00089734,DOME FUJI AY,20111110,-36,-9999,-9999
GHCND:AYM00089734,DOME FUJI AY,20111111,-40,-9999,-9999
GHCND:AYM00089734,DOME FUJI AY,20111112,-35,-9999,-9999
GHCND:AYM00089734,DOME FUJI AY,20111113,-38,-9999,-9999
GHCND:AYM00089734,DOME FUJI AY,20111114,-37,-9999,-9999
GHCND:AYM00089734,DOME FUJI AY,20111115,-21,-9999,-9999
GHCND:AYM00089734,DOME FUJI AY,20111116,-30,-9999,-9999
GHCND:AYM00089734,DOME FUJI AY,20111117,-35,-9999,-9999
GHCND:AYM00089734,DOME FUJI AY,20111118,-23,-9999,-9999
GHCND:AYM00089734,DOME FUJI AY,20111119,-28,-9999,-9999
GHCND:AYM00089734,DOME FUJI AY,20111120,-34,-9999,-9999
GHCND:AYM00089734,DOME FUJI AY,20111121,-31,-9999,-9999
GHCND:AYM00089734,DOME FUJI AY,20111122,-32,-9999,-9999
GHCND:AYM00089734,DOME FUJI AY,20111123,-22,-9999,-9999
GHCND:AYM00089734,DOME FUJI AY,20111124,-23,-9999,-9999
GHCND:AYM00089734,DOME FUJI AY,20111125,-34,-9999,-9999
GHCND:AYM00089734,DOME FUJI AY,20111126,-34,-9999,-9999
GHCND:AYM00089734,DOME FUJI AY,20111127,-32,-9999,-9999
GHCND:AYM00089734,DOME FUJI AY,20111128,-27,-9999,-9999
GHCND:AYM00089734,DOME FUJI AY,20111129,-33,-9999,-9999
GHCND:AYM00089734,DOME FUJI AY,20111130,-28,-9999,-9999
GHCND:AYM00089734,DOME FUJI AY,20111201,-19,-9999,-9999
GHCND:AYM00089734,DOME FUJI AY,20111202,-29,-9999,-9999
GHCND:AYM00089734,DOME FUJI AY,20111203,-25,-9999,-9999
GHCND:AYM00089734,DOME FUJI AY,20111204,-31,-9999,-9999
GHCND:AYM00089734,DOME FUJI AY,20111205,-32,-9999,-9999
GHCND:AYM00089734,DOME FUJI AY,20111206,-27,-9999,-9999
GHCND:AYM00089734,DOME FUJI AY,20111207,-32,-9999,-9999
GHCND:AYM00089734,DOME FUJI AY,20111208,-30,-9999,-9999
GHCND:AYM00089734,DOME FUJI AY,20111209,-25,-9999,-9999
GHCND:AYM00089734,DOME FUJI AY,20111210,-19,-9999,-9999
GHCND:AYM00089734,DOME FUJI AY,20111211,-23,-9999,-9999
GHCND:AYM00089734,DOME FUJI AY,20111212,-31,-9999,-9999
GHCND:AYM00089734,DOME FUJI AY,20111214,-16,-9999,-9999
GHCND:AYM00089734,DOME FUJI AY,20111215,-28,-9999,-9999
GHCND:AYM00089734,DOME FUJI AY,20111216,-19,-9999,-9999
GHCND:AYM00089734,DOME FUJI AY,20111217,-3,-9999,-9999
GHCND:AYM00089734,DOME FUJI AY,20111218,2,-9999,-9999
GHCND:AYM00089734,DOME FUJI AY,20111219,-3,-9999,-9999
GHCND:AYM00089734,DOME FUJI AY,20111220,-3,-9999,-9999
GHCND:AYM00089734,DOME FUJI AY,20111221,-11,-9999,-9999
GHCND:AYM00089734,DOME FUJI AY,20111222,-16,-9999,-9999
GHCND:AYM00089734,DOME FUJI AY,20111223,-20,-9999,-9999
GHCND:AYM00089734,DOME FUJI AY,20111224,-15,-9999,-9999
GHCND:AYM00089734,DOME FUJI AY,20111225,-23,-9999,-9999
GHCND:AYM00089734,DOME FUJI AY,20111226,-20,-9999,-9999
GHCND:AYM00089734,DOME FUJI AY,20111227,-11,-9999,-9999
GHCND:AYM00089734,DOME FUJI AY,20111228,-22,-9999,-9999
GHCND:AYM00089734,DOME FUJI AY,20111229,-18,-9999,-9999
GHCND:AYM00089734,DOME FUJI AY,20111230,-25,-9999,-9999
GHCND:AYM00089734,DOME FUJI AY,20111231,-19,-9999,-9999
GHCND:AYM00089734,DOME FUJI AY,20120101,-26,-9999,-9999
GHCND:AYM00089734,DOME FUJI AY,20120102,-25,-9999,-9999
GHCND:AYM00089734,DOME FUJI AY,20120103,-27,-9999,-9999
GHCND:AYM00089734,DOME FUJI AY,20120104,-25,-9999,-9999
GHCND:AYM00089734,DOME FUJI AY,20120105,-21,-9999,-9999
GHCND:AYM00089734,DOME FUJI AY,20120106,-16,-9999,-9999
GHCND:AYM00089734,DOME FUJI AY,20120107,-19,-9999,-9999
GHCND:AYM00089734,DOME FUJI AY,20120108,-23,-9999,-9999
GHCND:AYM00089734,DOME FUJI AY,20120109,-22,-9999,-9999
GHCND:AYM00089734,DOME FUJI AY,20120110,-24,-9999,-9999
GHCND:AYM00089734,DOME FUJI AY,20120111,-21,-9999,-9999
GHCND:AYM00089734,DOME FUJI AY,20120112,-23,-9999,-9999
GHCND:AYM00089734,DOME FUJI AY,20120113,-23,-9999,-9999
GHCND:AYM00089734,DOME FUJI AY,20120114,-25,-9999,-9999
GHCND:AYM00089734,DOME FUJI AY,20120115,-24,-9999,-9999
GHCND:AYM00089734,DOME FUJI AY,20120116,-29,-9999,-9999
GHCND:AYM00089734,DOME FUJI AY,20120117,-30,-9999,-9999
GHCND:AYM00089734,DOME FUJI AY,20120118,-25,-9999,-9999
GHCND:AYM00089734,DOME FUJI AY,20120119,-31,-9999,-9999
GHCND:AYM00089734,DOME FUJI AY,20120120,-29,-9999,-9999
GHCND:AYM00089734,DOME FUJI AY,20120121,-31,-9999,-9999
GHCND:AYM00089734,DOME FUJI AY,20120122,-25,-9999,-9999
GHCND:AYM00089734,DOME FUJI AY,20120123,-23,-9999,-9999
GHCND:AYM00089734,DOME FUJI AY,20120124,-28,-9999,-9999
GHCND:AYM00089734,DOME FUJI AY,20120125,-34,-9999,-9999
GHCND:AYM00089734,DOME FUJI AY,20120126,-32,-9999,-9999
GHCND:AYM00089734,DOME FUJI AY,20120127,-32,-9999,-9999
GHCND:AYM00089734,DOME FUJI AY,20120128,-36,-9999,-9999
GHCND:AYM00089734,DOME FUJI AY,20120129,-23,-9999,-9999
GHCND:AYM00089734,DOME FUJI AY,20120130,-32,-9999,-9999
GHCND:AYM00089734,DOME FUJI AY,20120131,-35,-9999,-9999
GHCND:AYM00089734,DOME FUJI AY,20120201,-36,-9999,-9999
GHCND:AYM00089734,DOME FUJI AY,20120202,-37,-9999,-9999
GHCND:AYM00089734,DOME FUJI AY,20120203,-39,-9999,-9999
GHCND:AYM00089734,DOME FUJI AY,20120204,-36,-9999,-9999
GHCND:AYM00089734,DOME FUJI AY,20120205,-41,-9999,-9999
GHCND:AYM00089734,DOME FUJI AY,20120206,-41,-9999,-9999
GHCND:AYM00089734,DOME FUJI AY,20120207,-48,-9999,-9999
GHCND:AYM00089734,DOME FUJI AY,20120208,-43,-9999,-9999
GHCND:AYM00089734,DOME FUJI AY,20120210,-35,-9999,-9999
GHCND:AYM00089734,DOME FUJI AY,20120211,-35,-9999,-9999
GHCND:AYM00089734,DOME FUJI AY,20120212,-44,-9999,-9999
GHCND:AYM00089734,DOME FUJI AY,20120213,-40,-9999,-9999
GHCND:AYM00089734,DOME FUJI AY,20120214,-48,-9999,-9999
GHCND:AYM00089734,DOME FUJI AY,20120215,-51,-9999,-9999
GHCND:AYM00089734,DOME FUJI AY,20120216,-41,-9999,-9999
GHCND:AYM00089734,DOME FUJI AY,20120217,-36,-9999,-9999
GHCND:AYM00089734,DOME FUJI AY,20120218,-34,-9999,-9999
GHCND:AYM00089734,DOME FUJI AY,20120219,-55,-9999,-9999
GHCND:AYM00089734,DOME FUJI AY,20120220,-56,-9999,-9999
GHCND:AYM00089734,DOME FUJI AY,20120221,-52,-9999,-9999
GHCND:AYM00089734,DOME FUJI AY,20120222,-55,-9999,-9999
GHCND:AYM00089734,DOME FUJI AY,20120223,-44,-9999,-9999
GHCND:AYM00089734,DOME FUJI AY,20120224,-55,-9999,-9999
GHCND:AYM00089734,DOME FUJI AY,20120225,-55,-9999,-9999
GHCND:AYM00089734,DOME FUJI AY,20120226,-40,-9999,-9999
GHCND:AYM00089734,DOME FUJI AY,20120227,-28,-9999,-9999
GHCND:AYM00089734,DOME FUJI AY,20120228,-33,-9999,-9999
GHCND:AYM00089734,DOME FUJI AY,20120229,-41,-9999,-9999
GHCND:AYM00089734,DOME FUJI AY,20120301,-51,-9999,-9999
GHCND:AYM00089734,DOME FUJI AY,20120302,-48,-9999,-9999
GHCND:AYM00089734,DOME FUJI AY,20120303,-60,-9999,-9999
GHCND:AYM00089734,DOME FUJI AY,20120304,-61,-9999,-9999
GHCND:AYM00089734,DOME FUJI AY,20120305,-65,-9999,-9999
GHCND:AYM00089734,DOME FUJI AY,20120306,-64,-9999,-9999
GHCND:AYM00089734,DOME FUJI AY,20120307,-57,-9999,-9999
GHCND:AYM00089734,DOME FUJI AY,20120308,-67,-9999,-9999
GHCND:AYM00089734,DOME FUJI AY,20120309,-72,-9999,-9999
GHCND:AYM00089734,DOME FUJI AY,20120310,-59,-9999,-9999
GHCND:AYM00089734,DOME FUJI AY,20120311,-64,-9999,-9999
GHCND:AYM00089734,DOME FUJI AY,20120312,-61,-9999,-9999
GHCND:AYM00089734,DOME FUJI AY,20120313,-63,-9999,-9999
GHCND:AYM00089734,DOME FUJI AY,20120314,-60,-9999,-9999
GHCND:AYM00089734,DOME FUJI AY,20120315,-58,-9999,-9999
GHCND:AYM00089734,DOME FUJI AY,20120316,-68,-9999,-9999
GHCND:AYM00089734,DOME FUJI AY,20120317,-70,-9999,-9999
GHCND:AYM00089734,DOME FUJI AY,20120318,-78,-9999,-9999
GHCND:AYM00089734,DOME FUJI AY,20120319,-74,-9999,-9999
GHCND:AYM00089734,DOME FUJI AY,20120320,-72,-9999,-9999
GHCND:AYM00089734,DOME FUJI AY,20120321,-63,-9999,-9999
GHCND:AYM00089734,DOME FUJI AY,20120322,-66,-9999,-9999
GHCND:AYM00089734,DOME FUJI AY,20120323,-71,-9999,-9999
GHCND:AYM00089734,DOME FUJI AY,20120324,-77,-9999,-9999
GHCND:AYM00089734,DOME FUJI AY,20120325,-79,-9999,-9999
GHCND:AYM00089734,DOME FUJI AY,20120326,-83,-9999,-9999
GHCND:AYM00089734,DOME FUJI AY,20120327,-79,-9999,-9999
GHCND:AYM00089734,DOME FUJI AY,20120328,-79,-9999,-9999
GHCND:AYM00089734,DOME FUJI AY,20120329,-70,-9999,-9999
GHCND:AYM00089734,DOME FUJI AY,20120330,-61,-9999,-9999
GHCND:AYM00089734,DOME FUJI AY,20120331,-73,-9999,-9999
GHCND:AYM00089734,DOME FUJI AY,20120401,-78,-9999,-9999
GHCND:AYM00089734,DOME FUJI AY,20120402,-61,-9999,-9999
GHCND:AYM00089734,DOME FUJI AY,20120403,-62,-9999,-9999
GHCND:AYM00089734,DOME FUJI AY,20120410,-92,-9999,-9999
GHCND:AYM00089734,DOME FUJI AY,20120411,-86,-9999,-9999
GHCND:AYM00089734,DOME FUJI AY,20120412,-79,-9999,-9999
GHCND:AYM00089734,DOME FUJI AY,20120413,-77,-9999,-9999
GHCND:AYM00089734,DOME FUJI AY,20120414,-96,-9999,-9999
GHCND:AYM00089734,DOME FUJI AY,20120415,-94,-9999,-9999
GHCND:AYM00089734,DOME FUJI AY,20120416,-80,-9999,-9999
GHCND:AYM00089734,DOME FUJI AY,20120417,-70,-9999,-9999
GHCND:AYM00089734,DOME FUJI AY,20120418,-68,-9999,-9999
GHCND:AYM00089734,DOME FUJI AY,20120419,-64,-9999,-9999
GHCND:AYM00089734,DOME FUJI AY,20120420,-70,-9999,-9999
GHCND:AYM00089734,DOME FUJI AY,20120421,-73,-9999,-9999
GHCND:AYM00089734,DOME FUJI AY,20120422,-72,-9999,-9999
GHCND:AYM00089734,DOME FUJI AY,20120423,-92,-9999,-9999
GHCND:AYM00089734,DOME FUJI AY,20120424,-92,-9999,-9999
GHCND:AYM00089734,DOME FUJI AY,20120425,-86,-9999,-9999
GHCND:AYM00089734,DOME FUJI AY,20120426,-82,-9999,-9999
GHCND:AYM00089734,DOME FUJI AY,20120427,-85,-9999,-9999
GHCND:AYM00089734,DOME FUJI AY,20120428,-92,-9999,-9999
GHCND:AYM00089734,DOME FUJI AY,20120429,-86,-9999,-9999
GHCND:AYM00089734,DOME FUJI AY,20120430,-79,-9999,-9999
GHCND:AYM00089734,DOME FUJI AY,20120501,-85,-9999,-9999
GHCND:AYM00089734,DOME FUJI AY,20120502,-76,-9999,-9999
GHCND:AYM00089734,DOME FUJI AY,20120503,-80,-9999,-9999
GHCND:AYM00089734,DOME FUJI AY,20120504,-84,-9999,-9999
GHCND:AYM00089734,DOME FUJI AY,20120505,-76,-9999,-9999
GHCND:AYM00089734,DOME FUJI AY,20120506,-80,-9999,-9999
GHCND:AYM00089734,DOME FUJI AY,20120507,-59,-9999,-9999
GHCND:AYM00089734,DOME FUJI AY,20120508,-72,-9999,-9999
GHCND:AYM00089734,DOME FUJI AY,20120509,-81,-9999,-9999
GHCND:AYM00089734,DOME FUJI AY,20120510,-94,-9999,-9999
GHCND:AYM00089734,DOME FUJI AY,20120511,-89,-9999,-9999
GHCND:AYM00089734,DOME FUJI AY,20120512,-81,-9999,-9999
GHCND:AYM00089734,DOME FUJI AY,20120513,-79,-9999,-9999
GHCND:AYM00089734,DOME FUJI AY,20120514,-83,-9999,-9999
GHCND:AYM00089734,DOME FUJI AY,20120515,-77,-9999,-9999
GHCND:AYM00089734,DOME FUJI AY,20120516,-67,-9999,-9999
GHCND:AYM00089734,DOME FUJI AY,20120517,-72,-9999,-9999
GHCND:AYM00089734,DOME FUJI AY,20120518,-86,-9999,-9999
GHCND:AYM00089734,DOME FUJI AY,20120519,-91,-9999,-9999
GHCND:AYM00089734,DOME FUJI AY,20120520,-94,-9999,-9999
GHCND:AYM00089734,DOME FUJI AY,20120521,-92,-9999,-9999
GHCND:AYM00089734,DOME FUJI AY,20120522,-105,-9999,-9999
GHCND:AYM00089734,DOME FUJI AY,20120523,-88,-9999,-9999
GHCND:AYM00089734,DOME FUJI AY,20120524,-103,-9999,-9999
GHCND:AYM00089734,DOME FUJI AY,20120525,-101,-9999,-9999
GHCND:AYM00089734,DOME FUJI AY,20120526,-97,-9999,-9999
GHCND:AYM00089734,DOME FUJI AY,20120527,-83,-9999,-9999
GHCND:AYM00089734,DOME FUJI AY,20120528,-68,-9999,-9999
GHCND:AYM00089734,DOME FUJI AY,20120529,-70,-9999,-9999
GHCND:AYM00089734,DOME FUJI AY,20120530,-78,-9999,-9999
GHCND:AYM00089734,DOME FUJI AY,20120531,-84,-9999,-9999
GHCND:AYM00089734,DOME FUJI AY,20120601,-86,-9999,-9999
GHCND:AYM00089734,DOME FUJI AY,20120602,-78,-9999,-9999
GHCND:AYM00089734,DOME FUJI AY,20120603,-94,-9999,-9999
GHCND:AYM00089734,DOME FUJI AY,20120604,-94,-9999,-9999
GHCND:AYM00089734,DOME FUJI AY,20120605,-88,-9999,-9999
GHCND:AYM00089734,DOME FUJI AY,20120606,-79,-9999,-9999
GHCND:AYM00089734,DOME FUJI AY,20120607,-81,-9999,-9999
GHCND:AYM00089734,DOME FUJI AY,20120608,-94,-9999,-9999
GHCND:AYM00089734,DOME FUJI AY,20120609,-91,-9999,-9999
GHCND:AYM00089734,DOME FUJI AY,20120610,-97,-9999,-9999
GHCND:AYM00089734,DOME FUJI AY,20120611,-96,-9999,-9999
GHCND:AYM00089734,DOME FUJI AY,20120612,-89,-9999,-9999
GHCND:AYM00089734,DOME FUJI AY,20120613,-87,-9999,-9999
GHCND:AYM00089734,DOME FUJI AY,20120614,-70,-9999,-9999
GHCND:AYM00089734,DOME FUJI AY,20120615,-67,-9999,-9999
GHCND:AYM00089734,DOME FUJI AY,20120616,-71,-9999,-9999
GHCND:AYM00089734,DOME FUJI AY,20120617,-79,-9999,-9999
GHCND:AYM00089734,DOME FUJI AY,20120618,-83,-9999,-9999
GHCND:AYM00089734,DOME FUJI AY,20120619,-79,-9999,-9999
GHCND:AYM00089734,DOME FUJI AY,20120620,-90,-9999,-9999
GHCND:AYM00089734,DOME FUJI AY,20120621,-88,-9999,-9999
GHCND:AYM00089734,DOME FUJI AY,20120622,-98,-9999,-9999
GHCND:AYM00089734,DOME FUJI AY,20120623,-92,-9999,-9999
GHCND:AYM00089734,DOME FUJI AY,20120624,-97,-9999,-9999
GHCND:AYM00089734,DOME FUJI AY,20120625,-85,-9999,-9999
GHCND:AYM00089734,DOME FUJI AY,20120626,-95,-9999,-9999
GHCND:AYM00089734,DOME FUJI AY,20120627,-78,-9999,-9999
GHCND:AYM00089734,DOME FUJI AY,20120628,-89,-9999,-9999
GHCND:AYM00089734,DOME FUJI AY,20120629,-80,-9999,-9999
GHCND:AYM00089734,DOME FUJI AY,20120630,-63,-9999,-9999
GHCND:AYM00089734,DOME FUJI AY,20120701,-64,-9999,-9999
GHCND:AYM00089734,DOME FUJI AY,20120702,-64,-9999,-9999
GHCND:AYM00089734,DOME FUJI AY,20120703,-69,-9999,-9999
GHCND:AYM00089734,DOME FUJI AY,20120704,-88,-9999,-9999
GHCND:AYM00089734,DOME FUJI AY,20120705,-87,-9999,-9999
GHCND:AYM00089734,DOME FUJI AY,20120706,-89,-9999,-9999
GHCND:AYM00089734,DOME FUJI AY,20120707,-92,-9999,-9999
GHCND:AYM00089734,DOME FUJI AY,20120708,-99,-9999,-9999
GHCND:AYM00089734,DOME FUJI AY,20120709,-99,-9999,-9999
GHCND:AYM00089734,DOME FUJI AY,20120710,-91,-9999,-9999
GHCND:AYM00089734,DOME FUJI AY,20120711,-91,-9999,-9999
GHCND:AYM00089734,DOME FUJI AY,20120712,-101,-9999,-9999
GHCND:AYM00089734,DOME FUJI AY,20120713,-101,-9999,-9999
GHCND:AYM00089734,DOME FUJI AY,20120714,-103,-9999,-9999
GHCND:AYM00089734,DOME FUJI AY,20120715,-107,-9999,-9999
GHCND:AYM00089734,DOME FUJI AY,20120716,-100,-9999,-9999
GHCND:AYM00089734,DOME FUJI AY,20120717,-105,-9999,-9999
GHCND:AYM00089734,DOME FUJI AY,20120718,-97,-9999,-9999
GHCND:AYM00089734,DOME FUJI AY,20120719,-95,-9999,-9999
GHCND:AYM00089734,DOME FUJI AY,20120720,-107,-9999,-9999
GHCND:AYM00089734,DOME FUJI AY,20120721,-110,-9999,-9999
GHCND:AYM00089734,DOME FUJI AY,20120722,-105,-9999,-9999
GHCND:AYM00089734,DOME FUJI AY,20120723,-103,-9999,-9999
GHCND:AYM00089734,DOME FUJI AY,20120724,-101,-9999,-9999
GHCND:AYM00089734,DOME FUJI AY,20120725,-104,-9999,-9999
GHCND:AYM00089734,DOME FUJI AY,20120726,-97,-9999,-9999
GHCND:AYM00089734,DOME FUJI AY,20120727,-99,-9999,-9999
GHCND:AYM00089734,DOME FUJI AY,20120728,-92,-9999,-9999
GHCND:AYM00089734,DOME FUJI AY,20120729,-83,-9999,-9999
GHCND:AYM00089734,DOME FUJI AY,20120730,-85,-9999,-9999
GHCND:AYM00089734,DOME FUJI AY,20120731,-93,-9999,-9999
GHCND:AYM00089734,DOME FUJI AY,20120801,-95,-9999,-9999
GHCND:AYM00089734,DOME FUJI AY,20120802,-96,-9999,-9999
GHCND:AYM00089734,DOME FUJI AY,20120803,-70,-9999,-9999
GHCND:AYM00089734,DOME FUJI AY,20120804,-73,-9999,-9999
GHCND:AYM00089734,DOME FUJI AY,20120805,-68,-9999,-9999
GHCND:AYM00089734,DOME FUJI AY,20120806,-73,-9999,-9999
GHCND:AYM00089734,DOME FUJI AY,20120807,-84,-9999,-9999
GHCND:AYM00089734,DOME FUJI AY,20120808,-72,-9999,-9999
GHCND:AYM00089734,DOME FUJI AY,20120809,-70,-9999,-9999
GHCND:AYM00089734,DOME FUJI AY,20120810,-82,-9999,-9999
GHCND:AYM00089734,DOME FUJI AY,20120811,-78,-9999,-9999
GHCND:AYM00089734,DOME FUJI AY,20120812,-85,-9999,-9999
GHCND:AYM00089734,DOME FUJI AY,20120813,-89,-9999,-9999
GHCND:AYM00089734,DOME FUJI AY,20120814,-91,-9999,-9999
GHCND:AYM00089734,DOME FUJI AY,20120815,-90,-9999,-9999
GHCND:AYM00089734,DOME FUJI AY,20120816,-93,-9999,-9999
GHCND:AYM00089734,DOME FUJI AY,20120817,-84,-9999,-9999
GHCND:AYM00089734,DOME FUJI AY,20120818,-75,-9999,-9999
GHCND:AYM00089734,DOME FUJI AY,20120819,-81,-9999,-9999
GHCND:AYM00089734,DOME FUJI AY,20120820,-99,-9999,-9999
GHCND:AYM00089734,DOME FUJI AY,20120821,-101,-9999,-9999
GHCND:AYM00089734,DOME FUJI AY,20120822,-81,-9999,-9999
GHCND:AYM00089734,DOME FUJI AY,20120823,-92,-9999,-9999
GHCND:AYM00089734,DOME FUJI AY,20120824,-95,-9999,-9999
GHCND:AYM00089734,DOME FUJI AY,20120825,-67,-9999,-9999
GHCND:AYM00089734,DOME FUJI AY,20120826,-72,-9999,-9999
GHCND:AYM00089734,DOME FUJI AY,20120827,-74,-9999,-9999
GHCND:AYM00089734,DOME FUJI AY,20120828,-57,-9999,-9999
GHCND:AYM00089734,DOME FUJI AY,20120829,-55,-9999,-9999
GHCND:AYM00089734,DOME FUJI AY,20120830,-65,-9999,-9999
GHCND:AYM00089734,DOME FUJI AY,20120831,-76,-9999,-9999
GHCND:AYM00089734,DOME FUJI AY,20120901,-91,-9999,-9999
GHCND:AYM00089734,DOME FUJI AY,20120902,-98,-9999,-9999
GHCND:AYM00089734,DOME FUJI AY,20120903,-97,-9999,-9999
GHCND:AYM00089734,DOME FUJI AY,20120904,-87,-9999,-9999
GHCND:AYM00089734,DOME FUJI AY,20120905,-87,-9999,-9999
GHCND:AYM00089734,DOME FUJI AY,20120906,-85,-9999,-9999
GHCND:AYM00089734,DOME FUJI AY,20120911,-97,-9999,-9999
GHCND:AYM00089734,DOME FUJI AY,20120912,-97,-9999,-9999
GHCND:AYM00089734,DOME FUJI AY,20120913,-91,-9999,-9999
GHCND:AYM00089734,DOME FUJI AY,20120914,-91,-9999,-9999
GHCND:AYM00089734,DOME FUJI AY,20120915,-97,-9999,-9999
GHCND:AYM00089734,DOME FUJI AY,20120916,-96,-9999,-9999
GHCND:AYM00089734,DOME FUJI AY,20120917,-100,-9999,-9999
GHCND:AYM00089734,DOME FUJI AY,20120918,-100,-9999,-9999
GHCND:AYM00089734,DOME FUJI AY,20120919,-99,-9999,-9999
GHCND:AYM00089734,DOME FUJI AY,20120920,-96,-9999,-9999
GHCND:AYM00089734,DOME FUJI AY,20120921,-87,-9999,-9999
GHCND:AYM00089734,DOME FUJI AY,20120922,-81,-9999,-9999
GHCND:AYM00089734,DOME FUJI AY,20120923,-69,-9999,-9999
GHCND:AYM00089734,DOME FUJI AY,20120924,-70,-9999,-9999
GHCND:AYM00089734,DOME FUJI AY,20120925,-65,-9999,-9999
GHCND:AYM00089734,DOME FUJI AY,20120926,-63,-9999,-9999
GHCND:AYM00089734,DOME FUJI AY,20120927,-63,-9999,-9999
GHCND:AYM00089734,DOME FUJI AY,20120928,-70,-9999,-9999
GHCND:AYM00089734,DOME FUJI AY,20120929,-67,-9999,-9999
GHCND:AYM00089734,DOME FUJI AY,20120930,-66,-9999,-9999
GHCND:AYM00089734,DOME FUJI AY,20121001,-73,-9999,-9999
GHCND:AYM00089734,DOME FUJI AY,20121002,-64,-9999,-9999
GHCND:AYM00089734,DOME FUJI AY,20121003,-70,-9999,-9999
GHCND:AYM00089734,DOME FUJI AY,20121004,-61,-9999,-9999
GHCND:AYM00089734,DOME FUJI AY,20121005,-61,-9999,-9999
GHCND:AYM00089734,DOME FUJI AY,20121006,-69,-9999,-9999
GHCND:AYM00089734,DOME FUJI AY,20121007,-71,-9999,-9999
GHCND:AYM00089734,DOME FUJI AY,20121008,-74,-9999,-9999
GHCND:AYM00089734,DOME FUJI AY,20121009,-77,-9999,-9999
GHCND:AYM00089734,DOME FUJI AY,20121010,-73,-9999,-9999
GHCND:AYM00089734,DOME FUJI AY,20121011,-57,-9999,-9999
GHCND:AYM00089734,DOME FUJI AY,20121012,-64,-9999,-9999
GHCND:AYM00089734,DOME FUJI AY,20121013,-69,-9999,-9999
GHCND:AYM00089734,DOME FUJI AY,20121014,-72,-9999,-9999
GHCND:AYM00089734,DOME FUJI AY,20121015,-72,-9999,-9999
GHCND:AYM00089734,DOME FUJI AY,20121016,-72,-9999,-9999
GHCND:AYM00089734,DOME FUJI AY,20121017,-66,-9999,-9999
GHCND:AYM00089734,DOME FUJI AY,20121018,-58,-9999,-9999
GHCND:AYM00089734,DOME FUJI AY,20121019,-59,-9999,-9999
GHCND:AYM00089734,DOME FUJI AY,20121020,-57,-9999,-9999
GHCND:AYM00089734,DOME FUJI AY,20121021,-63,-9999,-9999
GHCND:AYM00089734,DOME FUJI AY,20121022,-58,-9999,-9999
GHCND:AYM00089734,DOME FUJI AY,20121023,-56,-9999,-9999
GHCND:AYM00089734,DOME FUJI AY,20121024,-52,-9999,-9999
GHCND:AYM00089734,DOME FUJI AY,20121025,-52,-9999,-9999
GHCND:AYM00089734,DOME FUJI AY,20121026,-51,-9999,-9999
GHCND:AYM00089734,DOME FUJI AY,20121027,-54,-9999,-9999
GHCND:AYM00089734,DOME FUJI AY,20121028,-50,-9999,-9999
GHCND:AYM00089734,DOME FUJI AY,20121029,-33,-9999,-9999
GHCND:AYM00089734,DOME FUJI AY,20121030,-33,-9999,-9999
GHCND:AYM00089734,DOME FUJI AY,20121031,-38,-9999,-9999
GHCND:AYM00089734,DOME FUJI AY,20121101,-50,-9999,-9999
GHCND:AYM00089734,DOME FUJI AY,20121102,-41,-9999,-9999
GHCND:AYM00089734,DOME FUJI AY,20121103,-34,-9999,-9999
GHCND:AYM00089734,DOME FUJI AY,20121104,-46,-9999,-9999
GHCND:AYM00089734,DOME FUJI AY,20121105,-47,-9999,-9999
GHCND:AYM00089734,DOME FUJI AY,20121109,-35,-9999,-9999
GHCND:AYM00089734,DOME FUJI AY,20121110,-29,-9999,-9999
GHCND:AYM00089734,DOME FUJI AY,20121111,-36,-9999,-9999
GHCND:AYM00089734,DOME FUJI AY,20121112,-46,-9999,-9999
GHCND:AYM00089734,DOME FUJI AY,20121113,-46,-9999,-9999
GHCND:AYM00089734,DOME FUJI AY,20121114,-52,-9999,-9999
GHCND:AYM00089734,DOME FUJI AY,20121115,-44,-9999,-9999
GHCND:AYM00089734,DOME FUJI AY,20121116,-41,-9999,-9999
GHCND:AYM00089734,DOME FUJI AY,20121117,-37,-9999,-9999
GHCND:AYM00089734,DOME FUJI AY,20121118,-41,-9999,-9999
GHCND:AYM00089734,DOME FUJI AY,20121119,-33,-9999,-9999
GHCND:AYM00089734,DOME FUJI AY,20121120,-33,-9999,-9999
GHCND:AYM00089734,DOME FUJI AY,20121121,-27,-9999,-9999
GHCND:AYM00089734,DOME FUJI AY,20121122,-30,-9999,-9999
GHCND:AYM00089734,DOME FUJI AY,20121123,-37,-9999,-9999
GHCND:AYM00089734,DOME FUJI AY,20121124,-38,-9999,-9999
GHCND:AYM00089734,DOME FUJI AY,20121125,-34,-9999,-9999
GHCND:AYM00089734,DOME FUJI AY,20121126,-35,-9999,-9999
GHCND:AYM00089734,DOME FUJI AY,20121127,-36,-9999,-9999
GHCND:AYM00089734,DOME FUJI AY,20121128,-31,-9999,-9999
GHCND:AYM00089734,DOME FUJI AY,20121129,-30,-9999,-9999
GHCND:AYM00089734,DOME FUJI AY,20121130,-24,-9999,-9999
GHCND:AYM00089734,DOME FUJI AY,20121201,-25,-9999,-9999
GHCND:AYM00089734,DOME FUJI AY,20121202,-23,-9999,-9999
GHCND:AYM00089734,DOME FUJI AY,20121203,-29,-9999,-9999
GHCND:AYM00089734,DOME FUJI AY,20121204,-32,-9999,-9999
GHCND:AYM00089734,DOME FUJI AY,20121205,-30,-9999,-9999
GHCND:AYM00089734,DOME FUJI AY,20121206,-32,-9999,-9999
GHCND:AYM00089734,DOME FUJI AY,20121207,-26,-9999,-9999
GHCND:AYM00089734,DOME FUJI AY,20121213,-20,-9999,-9999
GHCND:AYM00089734,DOME FUJI AY,20121214,-23,-9999,-9999
GHCND:AYM00089734,DOME FUJI AY,20121215,-23,-9999,-9999
GHCND:AYM00089734,DOME FUJI AY,20121216,-26,-9999,-9999
GHCND:AYM00089734,DOME FUJI AY,20121217,-16,-9999,-9999
GHCND:AYM00089734,DOME FUJI AY,20121218,-16,-9999,-9999
GHCND:AYM00089734,DOME FUJI AY,20121221,-18,-9999,-9999
GHCND:AYM00089734,DOME FUJI AY,20121223,-25,-9999,-9999
GHCND:AYM00089734,DOME FUJI AY,20121224,-22,-9999,-9999
GHCND:AYM00089734,DOME FUJI AY,20121225,-18,-9999,-9999
GHCND:AYM00089734,DOME FUJI AY,20121226,-16,-9999,-9999
GHCND:AYM00089734,DOME FUJI AY,20121227,-23,-9999,-9999
GHCND:AYM00089734,DOME FUJI AY,20121228,-20,-9999,-9999
GHCND:AYM00089734,DOME FUJI AY,20121230,-25,-9999,-9999
GHCND:AYM00089734,DOME FUJI AY,20121231,-18,-9999,-9999
GHCND:AYM00089734,DOME FUJI AY,20130102,-16,-9999,-9999
GHCND:AYM00089734,DOME FUJI AY,20130103,-13,-9999,-9999
GHCND:AYM00089734,DOME FUJI AY,20130104,-19,-9999,-9999
GHCND:AYM00089734,DOME FUJI AY,20130105,-15,-9999,-9999
GHCND:AYM00089734,DOME FUJI AY,20130106,-15,-9999,-9999
GHCND:AYM00089734,DOME FUJI AY,20130112,-16,-9999,-9999
GHCND:AYM00089734,DOME FUJI AY,20130113,-14,-9999,-9999
GHCND:AYM00089734,DOME FUJI AY,20130114,-17,-9999,-9999
GHCND:AYM00089734,DOME FUJI AY,20130115,-17,-9999,-9999
GHCND:AYM00089734,DOME FUJI AY,20130116,-28,-9999,-9999
GHCND:AYM00089734,DOME FUJI AY,20130117,-22,-9999,-9999
GHCND:AYM00089734,DOME FUJI AY,20130118,-18,-9999,-9999
GHCND:AYM00089734,DOME FUJI AY,20130120,-14,-9999,-9999
GHCND:AYM00089734,DOME FUJI AY,20130121,-13,-9999,-9999
GHCND:AYM00089734,DOME FUJI AY,20130122,-20,-9999,-9999
GHCND:AYM00089734,DOME FUJI AY,20130123,-31,-9999,-9999
GHCND:AYM00089734,DOME FUJI AY,20130124,-27,-9999,-9999
GHCND:AYM00089734,DOME FUJI AY,20130125,-27,-9999,-9999
GHCND:AYM00089734,DOME FUJI AY,20130126,-26,-9999,-9999
GHCND:AYM00089734,DOME FUJI AY,20130127,-28,-9999,-9999
GHCND:AYM00089734,DOME FUJI AY,20130129,-38,-9999,-9999
GHCND:AYM00089734,DOME FUJI AY,20130130,-41,-9999,-9999
GHCND:AYM00089734,DOME FUJI AY,20130131,-39,-9999,-9999
GHCND:AYM00089734,DOME FUJI AY,20130201,-38,-9999,-9999
GHCND:AYM00089734,DOME FUJI AY,20130205,-24,-9999,-9999
GHCND:AYM00089734,DOME FUJI AY,20130207,-43,-9999,-9999
GHCND:AYM00089734,DOME FUJI AY,20130210,-44,-9999,-9999
GHCND:AYM00089734,DOME FUJI AY,20130211,-42,-9999,-9999
GHCND:AYM00089734,DOME FUJI AY,20130215,-55,-9999,-9999
GHCND:AYM00089734,DOME FUJI AY,20130216,-55,-9999,-9999
GHCND:AYM00089734,DOME FUJI AY,20130217,-44,-9999,-9999
GHCND:AYM00089734,DOME FUJI AY,20130218,-44,-9999,-9999
GHCND:AYM00089734,DOME FUJI AY,20130219,-47,-9999,-9999
GHCND:AYM00089734,DOME FUJI AY,20130223,-45,-9999,-9999
GHCND:AYM00089734,DOME FUJI AY,20130224,-57,-9999,-9999
GHCND:AYM00089734,DOME FUJI AY,20130225,-52,-9999,-9999
GHCND:AYM00089734,DOME FUJI AY,20130226,-35,-9999,-9999
GHCND:AYM00089734,DOME FUJI AY,20130227,-37,-9999,-9999
GHCND:AYM00089734,DOME FUJI AY,20130228,-38,-9999,-9999
GHCND:AYM00089734,DOME FUJI AY,20130304,-62,-9999,-9999
GHCND:AYM00089734,DOME FUJI AY,20130305,-64,-9999,-9999
GHCND:AYM00089734,DOME FUJI AY,20130306,-58,-9999,-9999
GHCND:AYM00089734,DOME FUJI AY,20130307,-71,-9999,-9999
GHCND:AYM00089734,DOME FUJI AY,20130310,-69,-9999,-9999
GHCND:AYM00089734,DOME FUJI AY,20130311,-74,-9999,-9999
GHCND:AYM00089734,DOME FUJI AY,20130313,-69,-9999,-9999
GHCND:AYM00089734,DOME FUJI AY,20130314,-69,-9999,-9999
GHCND:AYM00089734,DOME FUJI AY,20130315,-65,-9999,-9999
GHCND:AYM00089734,DOME FUJI AY,20130316,-64,-9999,-9999
GHCND:AYM00089734,DOME FUJI AY,20130317,-60,-9999,-9999
GHCND:AYM00089734,DOME FUJI AY,20130318,-61,-9999,-9999
GHCND:AYM00089734,DOME FUJI AY,20130319,-61,-9999,-9999
GHCND:AYM00089734,DOME FUJI AY,20130320,-66,-9999,-9999
GHCND:AYM00089734,DOME FUJI AY,20130322,-67,-9999,-9999
GHCND:AYM00089734,DOME FUJI AY,20130325,-81,-9999,-9999
GHCND:AYM00089734,DOME FUJI AY,20130326,-82,-9999,-9999
GHCND:AYM00089734,DOME FUJI AY,20130327,-70,-9999,-9999
GHCND:AYM00089734,DOME FUJI AY,20130328,-68,-9999,-9999
GHCND:AYM00089734,DOME FUJI AY,20130329,-77,-9999,-9999
GHCND:AYM00089734,DOME FUJI AY,20130331,-98,-9999,-9999
GHCND:AYM00089734,DOME FUJI AY,20130403,-93,-9999,-9999
GHCND:AYM00089734,DOME FUJI AY,20130404,-91,-9999,-9999
GHCND:AYM00089734,DOME FUJI AY,20130405,-79,-9999,-9999
GHCND:AYM00089734,DOME FUJI AY,20130406,-64,-9999,-9999
GHCND:AYM00089734,DOME FUJI AY,20130407,-82,-9999,-9999
GHCND:AYM00089734,DOME FUJI AY,20130410,-74,-9999,-9999
GHCND:AYM00089734,DOME FUJI AY,20130416,-76,-9999,-9999
GHCND:AYM00089734,DOME FUJI AY,20130418,-86,-9999,-9999
GHCND:AYM00089734,DOME FUJI AY,20130419,-83,-9999,-9999
GHCND:AYM00089734,DOME FUJI AY,20130423,-94,-9999,-9999
GHCND:AYM00089734,DOME FUJI AY,20130424,-95,-9999,-9999
GHCND:AYM00089734,DOME FUJI AY,20130425,-90,-9999,-9999
GHCND:AYM00089734,DOME FUJI AY,20130428,-76,-9999,-9999
GHCND:AYM00089734,DOME FUJI AY,20130430,-76,-9999,-9999
GHCND:AYM00089734,DOME FUJI AY,20130501,-87,-9999,-9999
GHCND:AYM00089734,DOME FUJI AY,20130502,-94,-9999,-9999
GHCND:AYM00089734,DOME FUJI AY,20130503,-95,-9999,-9999
GHCND:AYM00089734,DOME FUJI AY,20130504,-101,-9999,-9999
GHCND:AYM00089734,DOME FUJI AY,20130505,-89,-9999,-9999
GHCND:AYM00089734,DOME FUJI AY,20130506,-96,-9999,-9999
GHCND:AYM00089734,DOME FUJI AY,20130507,-96,-9999,-9999
GHCND:AYM00089734,DOME FUJI AY,20130510,-80,-9999,-9999
GHCND:AYM00089734,DOME FUJI AY,20130511,-85,-9999,-9999
GHCND:AYM00089734,DOME FUJI AY,20130512,-73,-9999,-9999
GHCND:AYM00089734,DOME FUJI AY,20130516,-94,-9999,-9999
GHCND:AYM00089734,DOME FUJI AY,20130518,-97,-9999,-9999
GHCND:AYM00089734,DOME FUJI AY,20130519,-88,-9999,-9999
GHCND:AYM00089734,DOME FUJI AY,20130520,-88,-9999,-9999
GHCND:AYM00089734,DOME FUJI AY,20130521,-95,-9999,-9999
GHCND:AYM00089734,DOME FUJI AY,20130525,-103,-9999,-9999
GHCND:AYM00089734,DOME FUJI AY,20130527,-95,-9999,-9999
GHCND:AYM00089734,DOME FUJI AY,20130528,-72,-9999,-9999
GHCND:AYM00089734,DOME FUJI AY,20130529,-73,-9999,-9999
GHCND:AYM00089734,DOME FUJI AY,20130530,-75,-9999,-9999
GHCND:AYM00089734,DOME FUJI AY,20130531,-72,-9999,-9999
GHCND:AYM00089734,DOME FUJI AY,20130603,-37,-9999,-9999
GHCND:AYM00089734,DOME FUJI AY,20130605,-84,-9999,-9999
GHCND:AYM00089734,DOME FUJI AY,20130606,-88,-9999,-9999
GHCND:AYM00089734,DOME FUJI AY,20130607,-98,-9999,-9999
GHCND:AYM00089734,DOME FUJI AY,20130612,-83,-9999,-9999
GHCND:AYM00089734,DOME FUJI AY,20130614,-70,-9999,-9999
GHCND:AYM00089734,DOME FUJI AY,20130615,-78,-9999,-9999
GHCND:AYM00089734,DOME FUJI AY,20130616,-75,-9999,-9999
GHCND:AYM00089734,DOME FUJI AY,20130617,-89,-9999,-9999
GHCND:AYM00089734,DOME FUJI AY,20130622,-86,-9999,-9999
GHCND:AYM00089734,DOME FUJI AY,20130623,-68,-9999,-9999
GHCND:AYM00089734,DOME FUJI AY,20130624,-64,-9999,-9999
GHCND:AYM00089734,DOME FUJI AY,20130625,-71,-9999,-9999
GHCND:AYM00089734,DOME FUJI AY,20130626,-70,-9999,-9999
GHCND:AYM00089734,DOME FUJI AY,20130630,-76,-9999,-9999
GHCND:AYM00089734,DOME FUJI AY,20130701,-69,-9999,-9999
GHCND:AYM00089734,DOME FUJI AY,20130702,-61,-9999,-9999
GHCND:AYM00089734,DOME FUJI AY,20130703,-83,-9999,-9999
GHCND:AYM00089734,DOME FUJI AY,20130704,-89,-9999,-9999
GHCND:AYM00089734,DOME FUJI AY,20130705,-80,-9999,-9999
GHCND:AYM00089734,DOME FUJI AY,20130710,-78,-9999,-9999
GHCND:AYM00089734,DOME FUJI AY,20130711,-83,-9999,-9999
GHCND:AYM00089734,DOME FUJI AY,20130712,-85,-9999,-9999
GHCND:AYM00089734,DOME FUJI AY,20130713,-95,-9999,-9999
GHCND:AYM00089734,DOME FUJI AY,20130714,-100,-9999,-9999
GHCND:AYM00089734,DOME FUJI AY,20130715,-95,-9999,-9999
GHCND:AYM00089734,DOME FUJI AY,20130716,-97,-9999,-9999
GHCND:AYM00089734,DOME FUJI AY,20130718,-77,-9999,-9999
GHCND:AYM00089734,DOME FUJI AY,20130719,-78,-9999,-9999
GHCND:AYM00089734,DOME FUJI AY,20130721,-90,-9999,-9999
GHCND:AYM00089734,DOME FUJI AY,20130722,-95,-9999,-9999
GHCND:AYM00089734,DOME FUJI AY,20130723,-96,-9999,-9999
GHCND:AYM00089734,DOME FUJI AY,20130724,-81,-9999,-9999
GHCND:AYM00089734,DOME FUJI AY,20130725,-93,-9999,-9999
GHCND:AYM00089734,DOME FUJI AY,20130727,-102,-9999,-9999
GHCND:AYM00089734,DOME FUJI AY,20130728,-80,-9999,-9999
GHCND:AYM00089734,DOME FUJI AY,20130729,-89,-9999,-9999
GHCND:AYM00089734,DOME FUJI AY,20130730,-102,-9999,-9999
GHCND:AYM00089734,DOME FUJI AY,20130731,-104,-9999,-9999
GHCND:AYM00089734,DOME FUJI AY,20130806,-74,-9999,-9999
GHCND:AYM00089734,DOME FUJI AY,20130807,-74,-9999,-9999
GHCND:AYM00089734,DOME FUJI AY,20130810,-61,-9999,-9999
GHCND:AYM00089734,DOME FUJI AY,20130811,-55,-9999,-9999
GHCND:AYM00089734,DOME FUJI AY,20130814,-72,-9999,-9999
GHCND:AYM00089734,DOME FUJI AY,20130815,-79,-9999,-9999
GHCND:AYM00089734,DOME FUJI AY,20130817,-52,-9999,-9999
GHCND:AYM00089734,DOME FUJI AY,20130818,-60,-9999,-9999
GHCND:AYM00089734,DOME FUJI AY,20130819,-61,-9999,-9999
GHCND:AYM00089734,DOME FUJI AY,20130823,-91,-9999,-9999
GHCND:AYM00089734,DOME FUJI AY,20130824,-74,-9999,-9999
GHCND:AYM00089734,DOME FUJI AY,20130825,-83,-9999,-9999
GHCND:AYM00089734,DOME FUJI AY,20130826,-101,-9999,-9999
GHCND:AYM00089734,DOME FUJI AY,20130827,-97,-9999,-9999
GHCND:AYM00089734,DOME FUJI AY,20130828,-100,-9999,-9999
GHCND:AYM00089734,DOME FUJI AY,20130829,-95,-9999,-9999
GHCND:AYM00089734,DOME FUJI AY,20130901,-87,-9999,-9999
GHCND:AYM00089734,DOME FUJI AY,20130902,-84,-9999,-9999
GHCND:AYM00089734,DOME FUJI AY,20130904,-73,-9999,-9999
GHCND:AYM00089734,DOME FUJI AY,20130905,-78,-9999,-9999
GHCND:AYM00089734,DOME FUJI AY,20130906,-82,-9999,-9999
GHCND:AYM00089734,DOME FUJI AY,20130907,-74,-9999,-9999
GHCND:AYM00089734,DOME FUJI AY,20130910,-79,-9999,-9999
GHCND:AYM00089734,DOME FUJI AY,20130911,-80,-9999,-9999
GHCND:AYM00089734,DOME FUJI AY,20130913,-69,-9999,-9999
GHCND:AYM00089734,DOME FUJI AY,20130914,-71,-9999,-9999
GHCND:AYM00089734,DOME FUJI AY,20130915,-70,-9999,-9999
GHCND:AYM00089734,DOME FUJI AY,20130916,-78,-9999,-9999
GHCND:AYM00089734,DOME FUJI AY,20130917,-78,-9999,-9999
GHCND:AYM00089734,DOME FUJI AY,20130918,-50,-9999,-9999
GHCND:AYM00089734,DOME FUJI AY,20130922,-73,-9999,-9999
GHCND:AYM00089734,DOME FUJI AY,20131006,-67,-9999,-9999
GHCND:AYM00089734,DOME FUJI AY,20131124,-22,-9999,-9999
GHCND:AYM00089734,DOME FUJI AY,20131203,-27,-9999,-9999
GHCND:AYM00089734,DOME FUJI AY,20131212,-25,-9999,-9999
GHCND:AYM00089734,DOME FUJI AY,20140101,-26,-9999,-9999
GHCND:AYM00089734,DOME FUJI AY,20140425,-78,-9999,-9999
GHCND:AYM00089734,DOME FUJI AY,20140504,-92,-9999,-9999
GHCND:AYM00089734,DOME FUJI AY,20140524,-78,-9999,-9999